DISTRICT,EN,YEAR,SEATS,PROP,Category
ALBERT PARK,2955,1892,1,2955,URBAN
ANGLESEY,3140,1892,1,3140,RURAL
ARARAT,1853,1892,1,1853,RURAL
BALLARAT EAST,3696,1892,1,3696,METRO
BALLARAT WEST,6105,1892,2,3052.5,METRO
BARWON,2233,1892,1,2233,RURAL
BENALLA AND YARRAWONGA,2629,1892,1,2629,RURAL
BENAMBRA,2024,1892,1,2024,RURAL
BOGONG,1827,1892,1,1827,RURAL
BORUNG,2776,1892,1,2776,RURAL
BOURKE EAST,3316,1892,1,3316,RURAL
BOURKE WEST,2244,1892,1,2244,RURAL
BRIGHTON,4120,1892,1,4120,URBAN
CARLTON,3842,1892,1,3842,URBAN
CARLTON SOUTH,2906,1892,1,2906,URBAN
CASTLEMAINE,3307,1892,2,1653.5,RURAL
CLUNES AND ALLANDALE,2285,1892,1,2285,RURAL
COLLINGWOOD,7018,1892,2,3509,URBAN
CRESWICK,1878,1892,1,1878,RURAL
DANDENONG AND BERWICK,4357,1892,1,4357,RURAL
DAYLESFORD,1892,1892,1,1892,RURAL
DELATITE,2711,1892,1,2711,RURAL
DONALD AND SWAN HILL,3748,1892,1,3748,RURAL
DUNDAS,2332,1892,1,2332,RURAL
DUNOLLY,2404,1892,1,2404,RURAL
EAGLEHAWK,2127,1892,1,2127,RURAL
EAST BOURKE BOROUGHS,11083,1892,2,5541.5,URBAN
EASTERN SUBURBS,5588,1892,1,5588,URBAN
EMERALD HILL,3771,1892,1,3771,RURAL
ESSENDON AND FLEMINGTON,6266,1892,1,6266,URBAN
EVELYN,3128,1892,1,3128,RURAL
FITZROY,6503,1892,2,3251.5,URBAN
FOOTSCRAY,5161,1892,1,5161,URBAN
GEELONG,5565,1892,2,2782.5,METRO
GIPPSLAND CENTRAL,2637,1892,1,2637,RURAL
GIPPSLAND EAST,2895,1892,1,2895,RURAL
GIPPSLAND NORTH,2351,1892,1,2351,RURAL
GIPPSLAND SOUTH,3394,1892,1,3394,RURAL
GIPPSLAND WEST,4225,1892,1,4225,RURAL
GRANT,2259,1892,1,2259,RURAL
GRENVILLE,3521,1892,2,1760.5,RURAL
GUNBOWER,2553,1892,1,2553,RURAL
HAWTHORN,4593,1892,1,4593,URBAN
HORSHAM,2336,1892,1,2336,RURAL
WEST RICHMOND,2905,1892,1,2905,URBAN
KARA KARA,2212,1892,1,2212,RURAL
"KILMORE, DALHOUSIE AND LANCEFIELD",2384,1892,1,2384,RURAL
KORONG,2240,1892,1,2240,RURAL
KYNETON,2207,1892,1,2207,RURAL
LOWAN,2831,1892,1,2831,RURAL
MALDON,1659,1892,1,1659,RURAL
MANDURANG,2193,1892,1,2193,RURAL
MARYBOROUGH,2541,1892,1,2541,RURAL
MELBOURNE,4192,1892,1,4192,URBAN
MELBOURNE EAST,5965,1892,2,2982.5,URBAN
MELBOURNE NORTH,3914,1892,1,3914,URBAN
MELBOURNE SOUTH,3627,1892,1,3627,URBAN
MELBOURNE WEST,3150,1892,1,3150,URBAN
MORNINGTON,3927,1892,1,3927,RURAL
NORMANBY,2389,1892,1,2389,RURAL
NUMURKAH AND NATHALIA,2284,1892,1,2284,RURAL
OVENS,1820,1892,1,1820,RURAL
POLWARTH,3144,1892,1,3144,RURAL
PORT FAIRY,1866,1892,1,1866,RURAL
PORT MELBOURNE,3261,1892,1,3261,URBAN
PORTLAND,1914,1892,1,1914,RURAL
PRAHRAN,3614,1892,1,3614,URBAN
RICHMOND,7846,1892,2,3923,URBAN
RIPON AND HAMPDEN,2385,1892,1,2385,RURAL
RODNEY,4864,1892,2,2432,RURAL
ST KILDA,4065,1892,1,4065,URBAN
SANDHURST,5214,1892,2,2607,RURAL
SANDHURST SOUTH,2057,1892,1,2057,RURAL
SHEPPARTON AND EUROA,2254,1892,1,2254,RURAL
SOUTH YARRA,3329,1892,1,3329,URBAN
STAWELL,2294,1892,1,2294,RURAL
TALBOT AND AVOCA,2042,1892,1,2042,RURAL
TOORAK,4424,1892,1,4424,URBAN
VILLIERS AND HEYTESBURY,2193,1892,1,2193,RURAL
WANGARATTA AND RUTHERGLEN,2560,1892,1,2560,RURAL
WARRENHEIP,1855,1892,1,1855,RURAL
WARRNAMBOOL,1957,1892,1,1957,RURAL
WILLIAMSTOWN,4196,1892,1,4196,URBAN
WINDERMERE,1580,1892,1,1580,RURAL
ALBERT PARK,2312,1894,1,2312,URBAN
ANGLESEY,3269,1894,1,3269,RURAL
ARARAT,1527,1894,1,1527,RURAL
BALLARAT EAST,3106,1894,1,3106,METRO
BALLARAT WEST,5433,1894,2,2716.5,METRO
BARWON,1954,1894,1,1954,RURAL
BENALLA AND YARRAWONGA,2998,1894,1,2998,RURAL
BENAMBRA,1858,1894,1,1858,RURAL
BOGONG,1547,1894,1,1547,RURAL
BORUNG,2532,1894,1,2532,RURAL
BOURKE EAST,2535,1894,1,2535,RURAL
BOURKE WEST,1974,1894,1,1974,RURAL
BRIGHTON,3525,1894,1,3525,URBAN
CARLTON,2871,1894,1,2871,URBAN
CARLTON SOUTH,1989,1894,1,1989,URBAN
CASTLEMAINE,2869,1894,2,1434.5,RURAL
CLUNES AND ALLANDALE,1809,1894,1,1809,NAR
COLLINGWOOD,4868,1894,2,2434,URBAN
CRESWICK,1669,1894,1,1669,RURAL
DANDENONG AND BERWICK,3977,1894,1,3977,RURAL
DAYLESFORD,1774,1894,1,1774,RURAL
DELATITE,2465,1894,1,2465,RURAL
DONALD AND SWAN HILL,4575,1894,1,4575,RURAL
DUNDAS,2245,1894,1,2245,RURAL
DUNOLLY,1917,1894,1,1917,RURAL
EAGLEHAWK,1970,1894,1,1970,RURAL
EAST BOURKE BOROUGHS,7644,1894,2,3822,RURAL
EASTERN SUBURBS,4944,1894,1,4944,URBAN
EMERALD HILL,2331,1894,1,2331,RURAL
ESSENDON AND FLEMINGTON,4630,1894,1,4630,URBAN
EVELYN,2710,1894,1,2710,RURAL
FITZROY,3955,1894,2,1977.5,URBAN
ALTONA,30268,1992,1,30268,URBAN
GEELONG,5026,1894,2,2513,METRO
ALTONA,33229,1996,1,33229,URBAN
GIPPSLAND EAST,2273,1894,1,2273,RURAL
GIPPSLAND NORTH,1856,1894,1,1856,RURAL
GIPPSLAND SOUTH,2994,1894,1,2994,RURAL
GIPPSLAND WEST,3994,1894,1,3994,RURAL
ALTONA,36589,1999,1,36589,URBAN
GRENVILLE,3049,1894,2,1524.5,RURAL
GUNBOWER,2506,1894,1,2506,RURAL
HAWTHORN,3596,1894,1,3596,URBAN
ALTONA,35773,2002,1,35773,URBAN
ALTONA,41888,2006,1,41888,URBAN
KARA KARA,2020,1894,1,2020,RURAL
ALTONA,51138,2010,1,51138,URBAN
KORONG,1945,1894,1,1945,RURAL
ALTONA,48044,2014,1,48044,URBAN
LOWAN,2628,1894,1,2628,RURAL
ALTONA,55418,2018,1,55418,URBAN
ANGLESEY,3531,1897,1,3531,RURAL
MARYBOROUGH,2091,1894,1,2091,RURAL
MELBOURNE,3096,1894,1,3096,URBAN
ANGLESEY,3910,1900,1,3910,RURAL
ANGLESEY,3693,1902,1,3693,RURAL
ARARAT,1770,1897,1,1770,RURAL
ARARAT,2238,1900,1,2238,RURAL
MORNINGTON,3879,1894,1,3879,RURAL
ARARAT,2395,1902,1,2395,RURAL
ASCOT VALE,23200,1955,1,23200,URBAN
OVENS,1561,1894,1,1561,RURAL
POLWARTH,2492,1894,1,2492,RURAL
PORT FAIRY,1793,1894,1,1793,RURAL
PORT MELBOURNE,2477,1894,1,2477,URBAN
ASCOT VALE,29243,1976,1,29243,URBAN
PRAHRAN,2823,1894,1,2823,URBAN
RICHMOND,5883,1894,2,2941.5,URBAN
ASCOT VALE,28098,1979,1,28098,URBAN
RODNEY,4779,1894,2,2389.5,RURAL
ST KILDA,3087,1894,1,3087,URBAN
ASCOT VALE,27759,1982,1,27759,URBAN
BALLARAT,16521,1927,1,16521,METRO
BALLARAT,17068,1929,1,17068,METRO
BALLARAT,17889,1932,1,17889,METRO
BALLARAT,18233,1935,1,18233,METRO
BALLARAT,18084,1937,1,18084,METRO
TOORAK,3932,1894,1,3932,URBAN
BALLARAT,17744,1940,1,17744,METRO
BALLARAT,18327,1943,1,18327,METRO
WARRENHEIP,1676,1894,1,1676,RURAL
WARRNAMBOOL,1747,1894,1,1747,RURAL
WILLIAMSTOWN,3172,1894,1,3172,URBAN
BALLARAT,20791,1945,1,20791,METRO
ALBERT PARK,2784,1897,1,2784,URBAN
BALLARAT,21920,1947,1,21920,METRO
BALLARAT,21659,1950,1,21659,METRO
BALLARAT EAST,3333,1897,1,3333,METRO
BALLARAT WEST,5660,1897,2,2830,METRO
BARWON,2401,1897,1,2401,RURAL
BALLARAT,21495,1952,1,21495,METRO
BENAMBRA,2060,1897,1,2060,RURAL
BALLARAT NORTH,20603,1955,1,20603,METRO
BORUNG,2497,1897,1,2497,RURAL
BALLARAT NORTH,21979,1958,1,21979,METRO
BALLARAT NORTH,22585,1961,1,22585,METRO
BRIGHTON,3441,1897,1,3441,URBAN
CARLTON,3626,1897,1,3626,URBAN
BALLARAT NORTH,22914,1964,1,22914,METRO
BALLARAT NORTH,23510,1967,1,23510,METRO
BALLARAT NORTH,24137,1970,1,24137,METRO
COLLINGWOOD,5059,1897,2,2529.5,URBAN
BALLARAT NORTH,27142,1973,1,27142,METRO
BALLARAT NORTH,25751,1976,1,25751,METRO
DAYLESFORD,1814,1897,1,1814,RURAL
BALLARAT NORTH,27461,1979,1,27461,METRO
BALLARAT NORTH,28216,1982,1,28216,METRO
DUNDAS,2265,1897,1,2265,RURAL
BALLARAT NORTH,31119,1985,1,31119,METRO
EAGLEHAWK,2020,1897,1,2020,RURAL
BALLARAT NORTH,32194,1988,1,32194,METRO
BALLARAT SOUTH,20522,1955,1,20522,METRO
BALLARAT SOUTH,21412,1958,1,21412,METRO
BALLARAT SOUTH,21531,1961,1,21531,METRO
EVELYN,3410,1897,1,3410,RURAL
FITZROY,6091,1897,2,3045.5,URBAN
BALLARAT SOUTH,21887,1964,1,21887,METRO
GEELONG,5391,1897,2,2695.5,METRO
BALLARAT SOUTH,22741,1967,1,22741,METRO
GIPPSLAND EAST,3028,1897,1,3028,RURAL
GIPPSLAND NORTH,1985,1897,1,1985,RURAL
GIPPSLAND SOUTH,2644,1897,1,2644,RURAL
GIPPSLAND WEST,4205,1897,1,4205,RURAL
BALLARAT SOUTH,23073,1970,1,23073,METRO
GRENVILLE,3727,1897,2,1863.5,RURAL
GUNBOWER,2736,1897,1,2736,RURAL
HAWTHORN,4119,1897,1,4119,URBAN
BALLARAT SOUTH,25732,1973,1,25732,METRO
BALLARAT SOUTH,25980,1976,1,25980,METRO
KARA KARA,2309,1897,1,2309,RURAL
BALLARAT SOUTH,27545,1979,1,27545,METRO
KORONG,2244,1897,1,2244,RURAL
BALLARAT SOUTH,28615,1982,1,28615,METRO
LOWAN,2429,1897,1,2429,RURAL
BALLARAT SOUTH,30681,1985,1,30681,METRO
BALLARAT SOUTH,33491,1988,1,33491,METRO
MARYBOROUGH,2306,1897,1,2306,RURAL
MELBOURNE,3996,1897,1,3996,URBAN
BALWYN,22934,1955,1,22934,URBAN
BALWYN,25505,1958,1,25505,URBAN
BALWYN,27107,1961,1,27107,URBAN
BALWYN,28438,1964,1,28438,URBAN
MORNINGTON,4395,1897,1,4395,RURAL
BALWYN,26404,1967,1,26404,URBAN
BALWYN,27124,1970,1,27124,URBAN
OVENS,1954,1897,1,1954,RURAL
POLWARTH,3128,1897,1,3128,RURAL
PORT FAIRY,1936,1897,1,1936,RURAL
PORT MELBOURNE,2538,1897,1,2538,URBAN
BALWYN,29826,1973,1,29826,URBAN
PRAHRAN,2851,1897,1,2851,URBAN
RICHMOND,5372,1897,2,2686,URBAN
BALWYN,29119,1976,1,29119,URBAN
RODNEY,4881,1897,2,2440.5,RURAL
ST KILDA,3383,1897,1,3383,URBAN
BALWYN,28505,1979,1,28505,URBAN
BALWYN,28135,1982,1,28135,URBAN
BALWYN,30324,1985,1,30324,URBAN
BALWYN,29518,1988,1,29518,URBAN
BASS,35258,2002,1,35258,METRO
BASS,39847,2006,1,39847,METRO
TOORAK,4000,1897,1,4000,URBAN
BASS,49279,2010,1,49279,METRO
BASS,44492,2014,1,44492,METRO
WARRENHEIP,1803,1897,1,1803,RURAL
WARRNAMBOOL,1912,1897,1,1912,RURAL
WILLIAMSTOWN,3231,1897,1,3231,URBAN
BASS,58325,2018,1,58325,METRO
ALBERT PARK,3335,1900,1,3335,URBAN
BAYSWATER,33909,1992,1,33909,URBAN
BAYSWATER,34454,1996,1,34454,URBAN
BALLARAT EAST,3447,1900,1,3447,METRO
BALLARAT WEST,6015,1900,2,3007.5,METRO
BARWON,2320,1900,1,2320,RURAL
BAYSWATER,35427,1999,1,35427,URBAN
BENAMBRA,2403,1900,1,2403,RURAL
BAYSWATER,36316,2002,1,36316,URBAN
BORUNG,2883,1900,1,2883,RURAL
BAYSWATER,36321,2006,1,36321,URBAN
BAYSWATER,36321,2010,1,36321,URBAN
BRIGHTON,3897,1900,1,3897,URBAN
CARLTON,3847,1900,1,3847,URBAN
BAYSWATER,42719,2014,1,42719,URBAN
BAYSWATER,44047,2018,1,44047,URBAN
BELLARINE,20917,1967,1,20917,METRO
COLLINGWOOD,5541,1900,2,2770.5,URBAN
BELLARINE,24485,1970,1,24485,METRO
BELLARINE,32047,1973,1,32047,METRO
DAYLESFORD,2035,1900,1,2035,RURAL
BELLARINE,29959,1985,1,29959,METRO
BELLARINE,32998,1988,1,32998,METRO
DUNDAS,2363,1900,1,2363,RURAL
BELLARINE,30582,1992,1,30582,METRO
EAGLEHAWK,2018,1900,1,2018,RURAL
BELLARINE,32466,1996,1,32466,METRO
BELLARINE,34423,1999,1,34423,METRO
BELLARINE,38583,2002,1,38583,METRO
BELLARINE,40888,2006,1,40888,METRO
EVELYN,3788,1900,1,3788,RURAL
FITZROY,6572,1900,2,3286,URBAN
BELLARINE,44369,2010,1,44369,METRO
GEELONG,6227,1900,2,3113.5,METRO
BELLARINE,42541,2014,1,42541,METRO
GIPPSLAND EAST,3251,1900,1,3251,RURAL
GIPPSLAND NORTH,2254,1900,1,2254,RURAL
GIPPSLAND SOUTH,3020,1900,1,3020,RURAL
GIPPSLAND WEST,4574,1900,1,4574,RURAL
BELLARINE,49417,2018,1,49417,METRO
GRENVILLE,4291,1900,2,2145.5,RURAL
GUNBOWER,2428,1900,1,2428,RURAL
HAWTHORN,4689,1900,1,4689,URBAN
BENALLA AND YARRAWONGA,2729,1897,1,2729,RURAL
BENALLA AND YARRAWONGA,2992,1900,1,2992,RURAL
KARA KARA,2117,1900,1,2117,RURAL
BENALLA AND YARRAWONGA,3387,1902,1,3387,RURAL
KORONG,2328,1900,1,2328,RURAL
BENDIGO,15384,1927,1,15384,METRO
LOWAN,2539,1900,1,2539,RURAL
BENDIGO,15921,1929,1,15921,METRO
BENDIGO,16894,1932,1,16894,METRO
MARYBOROUGH,2225,1900,1,2225,RURAL
MELBOURNE,4867,1900,1,4867,URBAN
BENDIGO,17971,1935,1,17971,METRO
BENDIGO,18612,1937,1,18612,METRO
BENDIGO,17950,1940,1,17950,METRO
BENDIGO,18507,1943,1,18507,METRO
MORNINGTON,4458,1900,1,4458,RURAL
BENDIGO,20917,1945,1,20917,METRO
BENDIGO,21783,1947,1,21783,METRO
OVENS,2215,1900,1,2215,RURAL
POLWARTH,3351,1900,1,3351,RURAL
PORT FAIRY,2081,1900,1,2081,RURAL
PORT MELBOURNE,2676,1900,1,2676,URBAN
BENDIGO,22366,1950,1,22366,METRO
PRAHRAN,3491,1900,1,3491,URBAN
RICHMOND,6021,1900,2,3010.5,URBAN
BENDIGO,23344,1952,1,23344,METRO
RODNEY,5649,1900,2,2824.5,RURAL
ST KILDA,3959,1900,1,3959,URBAN
BENDIGO,21308,1955,1,21308,METRO
BENDIGO,21868,1958,1,21868,METRO
BENDIGO,21894,1961,1,21894,METRO
BENDIGO,22157,1964,1,22157,METRO
BENDIGO,22808,1967,1,22808,METRO
BENDIGO,23715,1970,1,23715,METRO
TOORAK,4895,1900,1,4895,URBAN
BENDIGO,26483,1973,1,26483,METRO
BENDIGO,25704,1976,1,25704,METRO
WARRENHEIP,2200,1900,1,2200,RURAL
WARRNAMBOOL,2634,1900,1,2634,RURAL
WILLIAMSTOWN,3238,1900,1,3238,URBAN
BENDIGO,27203,1979,1,27203,METRO
BENDIGO,28094,1982,1,28094,METRO
ALBERT PARK,3129,1902,1,3129,URBAN
BENNETTSWOOD,25753,1967,1,25753,URBAN
BENNETTSWOOD,27469,1970,1,27469,URBAN
BALLARAT EAST,3417,1902,1,3417,METRO
BALLARAT WEST,6430,1902,2,3215,METRO
BARWON,2383,1902,1,2383,RURAL
BENNETTSWOOD,30790,1973,1,30790,URBAN
BENAMBRA,2403,1902,1,2403,RURAL
BENNETTSWOOD,28788,1976,1,28788,URBAN
BORUNG,3043,1902,1,3043,RURAL
BENNETTSWOOD,28444,1979,1,28444,URBAN
BENNETTSWOOD,28666,1982,1,28666,URBAN
BRIGHTON,3766,1902,1,3766,URBAN
CARLTON,3909,1902,1,3909,URBAN
BENNETTSWOOD,31432,1985,1,31432,URBAN
BENNETTSWOOD,31004,1988,1,31004,URBAN
BENNETTSWOOD,33180,1992,1,33180,URBAN
COLLINGWOOD,5469,1902,2,2734.5,URBAN
BENNETTSWOOD,32880,1996,1,32880,URBAN
BENNETTSWOOD,32822,1999,1,32822,URBAN
DAYLESFORD,1883,1902,1,1883,RURAL
BENTLEIGH,26073,1967,1,26073,URBAN
BENTLEIGH,26642,1970,1,26642,URBAN
DUNDAS,2619,1902,1,2619,RURAL
BENTLEIGH,28686,1973,1,28686,URBAN
EAGLEHAWK,2416,1902,1,2416,RURAL
BENTLEIGH,29055,1976,1,29055,URBAN
BENTLEIGH,27913,1979,1,27913,URBAN
BENTLEIGH,27347,1982,1,27347,URBAN
BENTLEIGH,29880,1985,1,29880,URBAN
EVELYN,4044,1902,1,4044,RURAL
FITZROY,7351,1902,2,3675.5,URBAN
BENTLEIGH,28601,1988,1,28601,URBAN
GEELONG,6488,1902,2,3244,METRO
BENTLEIGH,33560,1992,1,33560,URBAN
GIPPSLAND EAST,3000,1902,1,3000,RURAL
GIPPSLAND NORTH,2281,1902,1,2281,RURAL
GIPPSLAND SOUTH,3616,1902,1,3616,RURAL
GIPPSLAND WEST,5050,1902,1,5050,RURAL
BENTLEIGH,33850,1996,1,33850,URBAN
GRENVILLE,4563,1902,2,2281.5,RURAL
GUNBOWER,2628,1902,1,2628,RURAL
HAWTHORN,4272,1902,1,4272,URBAN
BENTLEIGH,34492,1999,1,34492,URBAN
BENTLEIGH,36801,2002,1,36801,URBAN
KARA KARA,2115,1902,1,2115,RURAL
BENTLEIGH,37250,2006,1,37250,URBAN
KORONG,2222,1902,1,2222,RURAL
BENTLEIGH,38715,2010,1,38715,URBAN
LOWAN,2357,1902,1,2357,RURAL
BENTLEIGH,40981,2014,1,40981,URBAN
BENTLEIGH,42772,2018,1,42772,URBAN
MARYBOROUGH,2610,1902,1,2610,RURAL
MELBOURNE,4565,1902,1,4565,URBAN
BERWICK,27495,1976,1,27495,URBAN
BERWICK,33097,1979,1,33097,URBAN
BERWICK,39779,1982,1,39779,URBAN
BERWICK,31074,1985,1,31074,URBAN
MORNINGTON,4667,1902,1,4667,RURAL
BERWICK,37351,1988,1,37351,URBAN
BERWICK,31776,1992,1,31776,URBAN
OVENS,2290,1902,1,2290,RURAL
POLWARTH,3458,1902,1,3458,RURAL
PORT FAIRY,2153,1902,1,2153,RURAL
PORT MELBOURNE,2732,1902,1,2732,URBAN
BERWICK,38794,1996,1,38794,URBAN
PRAHRAN,3163,1902,1,3163,URBAN
RICHMOND,6869,1902,2,3434.5,URBAN
BERWICK,44452,1999,1,44452,URBAN
RODNEY,6220,1902,2,3110,RURAL
ST KILDA,4426,1902,1,4426,URBAN
BOGONG,1933,1897,1,1933,RURAL
BOGONG,2124,1900,1,2124,RURAL
BOGONG,2438,1902,1,2438,RURAL
BOROONDARA,63123,1924,1,63123,URBAN
BOURKE EAST,2537,1897,1,2537,RURAL
BOURKE EAST,2899,1900,1,2899,RURAL
TOORAK,4753,1902,1,4753,URBAN
BOURKE EAST,2899,1902,1,2899,RURAL
BOURKE WEST,1902,1897,1,1902,RURAL
WARRENHEIP,2182,1902,1,2182,RURAL
WARRNAMBOOL,2311,1902,1,2311,RURAL
WILLIAMSTOWN,3411,1902,1,3411,URBAN
BOURKE WEST,2107,1900,1,2107,RURAL
ABBOTSFORD,4458,1904,1,4458,URBAN
ALBERT PARK,5056,1904,1,5056,URBAN
ALLENDALE,3815,1904,1,3815,RURAL
BALLARAT EAST,4672,1904,1,4672,METRO
BALLARAT WEST,4450,1904,1,4450,METRO
BARWON,3788,1904,1,3788,RURAL
BENALLA,3788,1904,1,3788,RURAL
BENAMBRA,2786,1904,1,2786,RURAL
BENDIGO EAST,3809,1904,1,3809,METRO
BENDIGO WEST,4459,1904,1,4459,METRO
BOROONDARA,5016,1904,1,5016,URBAN
BORUNG,3207,1904,1,3207,RURAL
BRIGHTON,3581,1904,1,3581,URBAN
BRUNSWICK,4787,1904,1,4787,URBAN
BULLA,3894,1904,1,3894,RURAL
CARLTON,4775,1904,1,4775,URBAN
CASTLEMAINE AND MALDON,3904,1904,1,3904,RURAL
COLLINGWOOD,5469,1904,1,5469,URBAN
DALHOUSIE,3986,1904,1,3986,RURAL
DANDENONG,4146,1904,1,4146,RURAL
DAYLESFORD,3333,1904,1,3333,RURAL
DUNDAS,3043,1904,1,3043,RURAL
EAGLEHAWK,3892,1904,1,3892,RURAL
EAST MELBOURNE,4545,1904,1,4545,URBAN
ESSENDON,5193,1904,1,5193,URBAN
EVELYN,3213,1904,1,3213,RURAL
FITZROY,4642,1904,1,4642,URBAN
FLEMINGTON,4736,1904,1,4736,URBAN
GEELONG,4728,1904,1,4728,METRO
GIPPSLAND EAST,3045,1904,1,3045,RURAL
GIPPSLAND NORTH,2995,1904,1,2995,RURAL
GIPPSLAND SOUTH,4139,1904,1,4139,RURAL
GIPPSLAND WEST,3375,1904,1,3375,RURAL
GLENELG,3367,1904,1,3367,RURAL
GOULBURN VALLEY,3319,1904,1,3319,RURAL
GRENVILLE,3940,1904,1,3940,RURAL
GUNBOWER,3131,1904,1,3131,RURAL
HAMPDEN,4244,1904,1,4244,RURAL
HAWTHORN,5736,1904,1,5736,URBAN
JIKA JIKA,4644,1904,1,4644,URBAN
KARA KARA,3529,1904,1,3529,RURAL
KORONG,2787,1904,1,2787,RURAL
LOWAN,3029,1904,1,3029,RURAL
MARYBOROUGH,4401,1904,1,4401,RURAL
MELBOURNE,5820,1904,1,5820,URBAN
MORNINGTON,4231,1904,1,4231,RURAL
NORTH MELBOURNE,5247,1904,1,5247,URBAN
OVENS,3351,1904,1,3351,RURAL
POLWARTH,3589,1904,1,3589,RURAL
PORT FAIRY,3782,1904,1,3782,RURAL
PORT MELBOURNE,5344,1904,1,5344,URBAN
PRAHRAN,4980,1904,1,4980,URBAN
RICHMOND,5282,1904,1,5282,URBAN
RODNEY,3906,1904,1,3906,RURAL
ST KILDA,5024,1904,1,5024,URBAN
STAWELL AND ARARAT,3674,1904,1,3674,RURAL
BOURKE WEST,2169,1902,1,2169,RURAL
TOORAK,4900,1904,1,4900,URBAN
UPPER GOULBURN,3825,1904,1,3825,RURAL
WALHALLA,2817,1904,1,2817,RURAL
WANGARATTA,5820,1904,1,5820,RURAL
WARANGA,3381,1904,1,3381,RURAL
WARRENHEIP,3600,1904,1,3600,RURAL
WARRNAMBOOL,2538,1904,1,2538,RURAL
WILLIAMSTOWN,5723,1904,1,5723,URBAN
BOX HILL,25199,1945,1,25199,URBAN
BOX HILL,27486,1947,1,27486,URBAN
ABBOTSFORD,4303,1907,1,4303,URBAN
ALBERT PARK,5045,1907,1,5045,URBAN
ALLENDALE,3153,1907,1,3153,RURAL
BALLARAT EAST,4278,1907,1,4278,METRO
BALLARAT WEST,4041,1907,1,4041,METRO
BARWON,3891,1907,1,3891,RURAL
BENALLA,3563,1907,1,3563,RURAL
BENAMBRA,2672,1907,1,2672,RURAL
BENDIGO EAST,3841,1907,1,3841,METRO
BENDIGO WEST,4382,1907,1,4382,METRO
BOROONDARA,5016,1907,1,5016,URBAN
BORUNG,3127,1907,1,3127,RURAL
BRIGHTON,4121,1907,1,4121,URBAN
BRUNSWICK,5330,1907,1,5330,URBAN
BULLA,3764,1907,1,3764,RURAL
CARLTON,4439,1907,1,4439,URBAN
CASTLEMAINE AND MALDON,3388,1907,1,3388,RURAL
COLLINGWOOD,4499,1907,1,4499,URBAN
DALHOUSIE,3986,1907,1,3986,RURAL
DANDENONG,4263,1907,1,4263,RURAL
DAYLESFORD,3156,1907,1,3156,RURAL
DUNDAS,3098,1907,1,3098,RURAL
EAGLEHAWK,3582,1907,1,3582,RURAL
EAST MELBOURNE,4346,1907,1,4346,URBAN
ESSENDON,5810,1907,1,5810,URBAN
EVELYN,3641,1907,1,3641,RURAL
FITZROY,4269,1907,1,4269,URBAN
FLEMINGTON,5384,1907,1,5384,URBAN
GEELONG,4414,1907,1,4414,METRO
GIPPSLAND EAST,3101,1907,1,3101,RURAL
GIPPSLAND NORTH,3060,1907,1,3060,RURAL
GIPPSLAND SOUTH,3875,1907,1,3875,RURAL
GIPPSLAND WEST,3303,1907,1,3303,RURAL
GLENELG,3600,1907,1,3600,RURAL
GOULBURN VALLEY,3257,1907,1,3257,RURAL
GRENVILLE,3693,1907,1,3693,RURAL
GUNBOWER,3067,1907,1,3067,RURAL
HAMPDEN,4064,1907,1,4064,RURAL
HAWTHORN,5833,1907,1,5833,URBAN
JIKA JIKA,5660,1907,1,5660,URBAN
KARA KARA,3229,1907,1,3229,RURAL
KORONG,2736,1907,1,2736,RURAL
LOWAN,3102,1907,1,3102,RURAL
MARYBOROUGH,3828,1907,1,3828,RURAL
MELBOURNE,5918,1907,1,5918,URBAN
MORNINGTON,4275,1907,1,4275,RURAL
NORTH MELBOURNE,5364,1907,1,5364,URBAN
OVENS,3035,1907,1,3035,RURAL
POLWARTH,3774,1907,1,3774,RURAL
PORT FAIRY,3580,1907,1,3580,RURAL
PORT MELBOURNE,5483,1907,1,5483,URBAN
PRAHRAN,4903,1907,1,4903,URBAN
RICHMOND,5091,1907,1,5091,URBAN
RODNEY,3542,1907,1,3542,RURAL
ST KILDA,4840,1907,1,4840,URBAN
STAWELL AND ARARAT,3260,1907,1,3260,RURAL
BOX HILL,30717,1950,1,30717,URBAN
TOORAK,4751,1907,1,4751,URBAN
UPPER GOULBURN,3661,1907,1,3661,RURAL
WALHALLA,2830,1907,1,2830,RURAL
WANGARATTA,3735,1907,1,3735,RURAL
WARANGA,2953,1907,1,2953,RURAL
WARRENHEIP,3073,1907,1,3073,RURAL
WARRNAMBOOL,3278,1907,1,3278,RURAL
WILLIAMSTOWN,5723,1907,1,5723,URBAN
BOX HILL,36858,1952,1,36858,URBAN
ALBERT PARK,5171,1908,1,5171,URBAN
ALLENDALE,3145,1908,1,3145,RURAL
BALLARAT EAST,4153,1908,1,4153,METRO
BALLARAT WEST,3986,1908,1,3986,METRO
BARWON,3997,1908,1,3997,RURAL
BENALLA,3555,1908,1,3555,RURAL
BENAMBRA,2793,1908,1,2793,RURAL
BENDIGO EAST,4031,1908,1,4031,METRO
BENDIGO WEST,4321,1908,1,4321,METRO
BOROONDARA,5333,1908,1,5333,URBAN
BORUNG,2948,1908,1,2948,RURAL
BRIGHTON,4121,1908,1,4121,URBAN
BRUNSWICK,5460,1908,1,5460,URBAN
BULLA,3936,1908,1,3936,RURAL
CARLTON,4222,1908,1,4222,URBAN
CASTLEMAINE AND MALDON,3417,1908,1,3417,RURAL
COLLINGWOOD,4499,1908,1,4499,URBAN
DALHOUSIE,3600,1908,1,3600,RURAL
DANDENONG,4365,1908,1,4365,RURAL
DAYLESFORD,3235,1908,1,3235,RURAL
DUNDAS,3234,1908,1,3234,RURAL
EAGLEHAWK,3729,1908,1,3729,RURAL
EAST MELBOURNE,4266,1908,1,4266,URBAN
ESSENDON,6200,1908,1,6200,URBAN
EVELYN,3717,1908,1,3717,RURAL
FITZROY,4057,1908,1,4057,URBAN
FLEMINGTON,5444,1908,1,5444,URBAN
GEELONG,4486,1908,1,4486,METRO
GIPPSLAND EAST,3172,1908,1,3172,RURAL
GIPPSLAND NORTH,3157,1908,1,3157,RURAL
GIPPSLAND SOUTH,3898,1908,1,3898,RURAL
GIPPSLAND WEST,3262,1908,1,3262,RURAL
GLENELG,3633,1908,1,3633,RURAL
GOULBURN VALLEY,3257,1908,1,3257,RURAL
GRENVILLE,3582,1908,1,3582,RURAL
GUNBOWER,3104,1908,1,3104,RURAL
HAMPDEN,4025,1908,1,4025,RURAL
HAWTHORN,5999,1908,1,5999,URBAN
JIKA JIKA,6039,1908,1,6039,URBAN
KARA KARA,3288,1908,1,3288,RURAL
KORONG,2710,1908,1,2710,RURAL
LOWAN,3021,1908,1,3021,RURAL
MARYBOROUGH,3940,1908,1,3940,RURAL
MELBOURNE,5636,1908,1,5636,URBAN
MORNINGTON,4185,1908,1,4185,RURAL
NORTH MELBOURNE,5362,1908,1,5362,URBAN
OVENS,2949,1908,1,2949,RURAL
POLWARTH,3815,1908,1,3815,RURAL
PORT FAIRY,3644,1908,1,3644,RURAL
PORT MELBOURNE,5405,1908,1,5405,URBAN
PRAHRAN,4969,1908,1,4969,URBAN
RICHMOND,5230,1908,1,5230,URBAN
RODNEY,3542,1908,1,3542,RURAL
ST KILDA,5010,1908,1,5010,URBAN
STAWELL AND ARARAT,3330,1908,1,3330,RURAL
BOX HILL,31046,1955,1,31046,URBAN
TOORAK,4910,1908,1,4910,URBAN
UPPER GOULBURN,3763,1908,1,3763,RURAL
WALHALLA,2897,1908,1,2897,RURAL
WANGARATTA,3849,1908,1,3849,RURAL
WARANGA,2929,1908,1,2929,RURAL
WARRENHEIP,2891,1908,1,2891,RURAL
WARRNAMBOOL,3217,1908,1,3217,RURAL
WILLIAMSTOWN,6148,1908,1,6148,URBAN
ABBOTSFORD,12580,1911,1,12580,URBAN
ALBERT PARK,18029,1911,1,18029,URBAN
ALLENDALE,6709,1911,1,6709,RURAL
BALLARAT EAST,10272,1911,1,10272,METRO
BALLARAT WEST,10184,1911,1,10184,METRO
BARWON,10373,1911,1,10373,RURAL
BENALLA,7694,1911,1,7694,RURAL
BENAMBRA,6610,1911,1,6610,RURAL
BENDIGO EAST,9434,1911,1,9434,METRO
BENDIGO WEST,10292,1911,1,10292,METRO
BOROONDARA,19421,1911,1,19421,URBAN
BORUNG,7426,1911,1,7426,RURAL
BRIGHTON,13457,1911,1,13457,URBAN
BRUNSWICK,17371,1911,1,17371,URBAN
BULLA,9514,1911,1,9514,RURAL
CARLTON,12285,1911,1,12285,URBAN
CASTLEMAINE AND MALDON,7165,1911,1,7165,RURAL
COLLINGWOOD,13378,1911,1,13378,URBAN
DALHOUSIE,7642,1911,1,7642,RURAL
DANDENONG,11228,1911,1,11228,RURAL
DAYLESFORD,7405,1911,1,7405,RURAL
DUNDAS,7824,1911,1,7824,RURAL
EAGLEHAWK,8131,1911,1,8131,RURAL
EAST MELBOURNE,11026,1911,1,11026,URBAN
ESSENDON,18494,1911,1,18494,URBAN
EVELYN,8692,1911,1,8692,RURAL
FITZROY,13705,1911,1,13705,URBAN
FLEMINGTON,16130,1911,1,16130,URBAN
GEELONG,11515,1911,1,11515,METRO
GIPPSLAND EAST,6346,1911,1,6346,RURAL
GIPPSLAND NORTH,8247,1911,1,8247,RURAL
GIPPSLAND SOUTH,8991,1911,1,8991,RURAL
GIPPSLAND WEST,8146,1911,1,8146,RURAL
GLENELG,8454,1911,1,8454,RURAL
GOULBURN VALLEY,8507,1911,1,8507,RURAL
GRENVILLE,6908,1911,1,6908,RURAL
GUNBOWER,7845,1911,1,7845,RURAL
HAMPDEN,11008,1911,1,11008,RURAL
HAWTHORN,20610,1911,1,20610,URBAN
JIKA JIKA,18353,1911,1,18353,URBAN
KARA KARA,7447,1911,1,7447,RURAL
KORONG,6685,1911,1,6685,RURAL
LOWAN,9059,1911,1,9059,RURAL
MARYBOROUGH,7945,1911,1,7945,RURAL
MELBOURNE,7726,1911,1,7726,URBAN
MORNINGTON,12908,1911,1,12908,RURAL
NORTH MELBOURNE,15008,1911,1,15008,URBAN
OVENS,6955,1911,1,6955,RURAL
POLWARTH,10567,1911,1,10567,RURAL
PORT FAIRY,7624,1911,1,7624,RURAL
PORT MELBOURNE,15395,1911,1,15395,URBAN
PRAHRAN,17843,1911,1,17843,URBAN
RICHMOND,14482,1911,1,14482,URBAN
RODNEY,8877,1911,1,8877,RURAL
ST KILDA,19340,1911,1,19340,URBAN
STAWELL AND ARARAT,8096,1911,1,8096,RURAL
BOX HILL,24107,1958,1,24107,URBAN
TOORAK,18576,1911,1,18576,URBAN
UPPER GOULBURN,7786,1911,1,7786,RURAL
WALHALLA,5951,1911,1,5951,RURAL
WANGARATTA,8088,1911,1,8088,RURAL
WARANGA,7176,1911,1,7176,RURAL
WARRENHEIP,5793,1911,1,5793,RURAL
WARRNAMBOOL,8668,1911,1,8668,RURAL
WILLIAMSTOWN,16077,1911,1,16077,URBAN
ABBOTSFORD,16269,1914,1,16269,URBAN
ALBERT PARK,20246,1914,1,20246,URBAN
ALLENDALE,6321,1914,1,6321,RURAL
BALLARAT EAST,10994,1914,1,10994,METRO
BALLARAT WEST,10706,1914,1,10706,METRO
BARWON,11324,1914,1,11324,RURAL
BENALLA,8094,1914,1,8094,RURAL
BENAMBRA,7190,1914,1,7190,RURAL
BENDIGO EAST,9439,1914,1,9439,METRO
BENDIGO WEST,10477,1914,1,10477,METRO
BOROONDARA,29974,1914,1,29974,URBAN
BORUNG,7765,1914,1,7765,RURAL
BRIGHTON,18074,1914,1,18074,URBAN
BRUNSWICK,21710,1914,1,21710,URBAN
BULLA,10852,1914,1,10852,RURAL
CARLTON,14463,1914,1,14463,URBAN
CASTLEMAINE AND MALDON,7363,1914,1,7363,RURAL
COLLINGWOOD,14561,1914,1,14561,URBAN
DALHOUSIE,7443,1914,1,7443,RURAL
DANDENONG,13903,1914,1,13903,RURAL
DAYLESFORD,7213,1914,1,7213,RURAL
DUNDAS,8801,1914,1,8801,RURAL
EAGLEHAWK,8029,1914,1,8029,RURAL
EAST MELBOURNE,13323,1914,1,13323,URBAN
ESSENDON,25295,1914,1,25295,URBAN
EVELYN,10401,1914,1,10401,RURAL
FITZROY,15059,1914,1,15059,URBAN
FLEMINGTON,20194,1914,1,20194,URBAN
GEELONG,14058,1914,1,14058,METRO
GIPPSLAND EAST,6710,1914,1,6710,RURAL
GIPPSLAND NORTH,9404,1914,1,9404,RURAL
GIPPSLAND SOUTH,9978,1914,1,9978,RURAL
GIPPSLAND WEST,8583,1914,1,8583,RURAL
GLENELG,9307,1914,1,9307,RURAL
GOULBURN VALLEY,9213,1914,1,9213,RURAL
GRENVILLE,6287,1914,1,6287,RURAL
GUNBOWER,8628,1914,1,8628,RURAL
HAMPDEN,12266,1914,1,12266,RURAL
HAWTHORN,24076,1914,1,24076,URBAN
JIKA JIKA,25462,1914,1,25462,URBAN
KARA KARA,7458,1914,1,7458,RURAL
KORONG,7202,1914,1,7202,RURAL
LOWAN,9335,1914,1,9335,RURAL
MARYBOROUGH,7912,1914,1,7912,RURAL
MELBOURNE,10104,1914,1,10104,URBAN
MORNINGTON,13697,1914,1,13697,RURAL
NORTH MELBOURNE,17469,1914,1,17469,URBAN
OVENS,6752,1914,1,6752,RURAL
POLWARTH,11109,1914,1,11109,RURAL
PORT FAIRY,7875,1914,1,7875,RURAL
PORT MELBOURNE,16993,1914,1,16993,URBAN
PRAHRAN,20275,1914,1,20275,URBAN
RICHMOND,17442,1914,1,17442,URBAN
RODNEY,10656,1914,1,10656,RURAL
ST KILDA,25295,1914,1,25295,URBAN
STAWELL AND ARARAT,9131,1914,1,9131,RURAL
BOX HILL,30533,1961,1,30533,URBAN
TOORAK,22159,1914,1,22159,URBAN
UPPER GOULBURN,8233,1914,1,8233,RURAL
WALHALLA,6644,1914,1,6644,RURAL
WANGARATTA,8518,1914,1,8518,RURAL
WARANGA,7058,1914,1,7058,RURAL
WARRENHEIP,6203,1914,1,6203,RURAL
WARRNAMBOOL,9315,1914,1,9315,RURAL
WILLIAMSTOWN,20336,1914,1,20336,URBAN
ABBOTSFORD,15233,1917,1,15233,URBAN
ALBERT PARK,20885,1917,1,20885,URBAN
ALLENDALE,5723,1917,1,5723,RURAL
BALLARAT EAST,10009,1917,1,10009,METRO
BALLARAT WEST,10139,1917,1,10139,METRO
BARWON,11693,1917,1,11693,RURAL
BENALLA,7928,1917,1,7928,RURAL
BENAMBRA,6711,1917,1,6711,RURAL
BENDIGO EAST,8763,1917,1,8763,METRO
BENDIGO WEST,9450,1917,1,9450,METRO
BOROONDARA,39287,1917,1,39287,URBAN
BORUNG,7446,1917,1,7446,RURAL
BRIGHTON,21689,1917,1,21689,URBAN
BRUNSWICK,23683,1917,1,23683,URBAN
BULLA,11062,1917,1,11062,RURAL
CARLTON,13313,1917,1,13313,URBAN
CASTLEMAINE AND MALDON,6830,1917,1,6830,RURAL
COLLINGWOOD,14643,1917,1,14643,URBAN
DALHOUSIE,7186,1917,1,7186,RURAL
DANDENONG,15771,1917,1,15771,RURAL
DAYLESFORD,6735,1917,1,6735,RURAL
DUNDAS,8391,1917,1,8391,RURAL
EAGLEHAWK,7155,1917,1,7155,RURAL
EAST MELBOURNE,11772,1917,1,11772,URBAN
ESSENDON,25178,1917,1,25178,URBAN
EVELYN,10712,1917,1,10712,RURAL
FITZROY,14122,1917,1,14122,URBAN
FLEMINGTON,22134,1917,1,22134,URBAN
GEELONG,14243,1917,1,14243,METRO
GIPPSLAND EAST,6379,1917,1,6379,RURAL
GIPPSLAND NORTH,8888,1917,1,8888,RURAL
GIPPSLAND SOUTH,10069,1917,1,10069,RURAL
GIPPSLAND WEST,8842,1917,1,8842,RURAL
GLENELG,9145,1917,1,9145,RURAL
GOULBURN VALLEY,8700,1917,1,8700,RURAL
GRENVILLE,5457,1917,1,5457,RURAL
GUNBOWER,8354,1917,1,8354,RURAL
HAMPDEN,11568,1917,1,11568,RURAL
HAWTHORN,26177,1917,1,26177,URBAN
JIKA JIKA,30242,1917,1,30242,URBAN
KARA KARA,6800,1917,1,6800,RURAL
KORONG,7091,1917,1,7091,RURAL
LOWAN,9574,1917,1,9574,RURAL
MARYBOROUGH,7179,1917,1,7179,RURAL
MELBOURNE,8918,1917,1,8918,URBAN
MORNINGTON,14845,1917,1,14845,RURAL
NORTH MELBOURNE,17041,1917,1,17041,URBAN
OVENS,5988,1917,1,5988,RURAL
POLWARTH,10938,1917,1,10938,RURAL
PORT FAIRY,7802,1917,1,7802,RURAL
PORT MELBOURNE,16369,1917,1,16369,URBAN
PRAHRAN,20274,1917,1,20274,URBAN
RICHMOND,16990,1917,1,16990,URBAN
RODNEY,10351,1917,1,10351,RURAL
ST KILDA,29945,1917,1,29945,URBAN
STAWELL AND ARARAT,9055,1917,1,9055,RURAL
BOX HILL,37755,1964,1,37755,URBAN
TOORAK,23718,1917,1,23718,URBAN
UPPER GOULBURN,8236,1917,1,8236,RURAL
WALHALLA,6343,1917,1,6343,RURAL
WANGARATTA,7719,1917,1,7719,RURAL
WARANGA,7060,1917,1,7060,RURAL
WARRENHEIP,6059,1917,1,6059,RURAL
WARRNAMBOOL,9077,1917,1,9077,RURAL
WILLIAMSTOWN,22201,1917,1,22201,URBAN
ABBOTSFORD,15408,1920,1,15408,URBAN
ALBERT PARK,21551,1920,1,21551,URBAN
ALLENDALE,5422,1920,1,5422,RURAL
BALLARAT EAST,10034,1920,1,10034,METRO
BALLARAT WEST,10477,1920,1,10477,METRO
BARWON,11814,1920,1,11814,RURAL
BENALLA,7851,1920,1,7851,RURAL
BENAMBRA,6612,1920,1,6612,RURAL
BENDIGO EAST,8337,1920,1,8337,METRO
BENDIGO WEST,9164,1920,1,9164,METRO
BOROONDARA,48523,1920,1,48523,URBAN
BORUNG,7707,1920,1,7707,RURAL
BRIGHTON,25969,1920,1,25969,URBAN
BRUNSWICK,25420,1920,1,25420,URBAN
BULLA,11360,1920,1,11360,RURAL
CARLTON,13443,1920,1,13443,URBAN
CASTLEMAINE AND MALDON,6604,1920,1,6604,RURAL
COLLINGWOOD,15389,1920,1,15389,URBAN
DALHOUSIE,7051,1920,1,7051,RURAL
DANDENONG,17564,1920,1,17564,RURAL
DAYLESFORD,6371,1920,1,6371,RURAL
DUNDAS,8250,1920,1,8250,RURAL
EAGLEHAWK,6556,1920,1,6556,RURAL
EAST MELBOURNE,12025,1920,1,12025,URBAN
ESSENDON,31344,1920,1,31344,URBAN
EVELYN,11952,1920,1,11952,RURAL
FITZROY,14767,1920,1,14767,URBAN
FLEMINGTON,22874,1920,1,22874,URBAN
GEELONG,14535,1920,1,14535,METRO
GIPPSLAND EAST,6135,1920,1,6135,RURAL
GIPPSLAND NORTH,9140,1920,1,9140,RURAL
GIPPSLAND SOUTH,9695,1920,1,9695,RURAL
GIPPSLAND WEST,9571,1920,1,9571,RURAL
GLENELG,9031,1920,1,9031,RURAL
GOULBURN VALLEY,8666,1920,1,8666,RURAL
GRENVILLE,4930,1920,1,4930,RURAL
GUNBOWER,8978,1920,1,8978,RURAL
HAMPDEN,11358,1920,1,11358,RURAL
HAWTHORN,28940,1920,1,28940,URBAN
JIKA JIKA,34555,1920,1,34555,URBAN
KARA KARA,6348,1920,1,6348,RURAL
KORONG,6844,1920,1,6844,RURAL
LOWAN,9571,1920,1,9571,RURAL
MARYBOROUGH,6905,1920,1,6905,RURAL
MELBOURNE,8852,1920,1,8852,URBAN
MORNINGTON,15798,1920,1,15798,RURAL
NORTH MELBOURNE,17552,1920,1,17552,URBAN
OVENS,5295,1920,1,5295,RURAL
POLWARTH,10983,1920,1,10983,RURAL
PORT FAIRY,8028,1920,1,8028,RURAL
PORT MELBOURNE,16029,1920,1,16029,URBAN
PRAHRAN,20678,1920,1,20678,URBAN
RICHMOND,17383,1920,1,17383,URBAN
RODNEY,11330,1920,1,11330,RURAL
ST KILDA,34135,1920,1,34135,URBAN
STAWELL AND ARARAT,8043,1920,1,8043,RURAL
BOX HILL,29186,1967,1,29186,URBAN
TOORAK,24725,1920,1,24725,URBAN
UPPER GOULBURN,8167,1920,1,8167,RURAL
WALHALLA,6413,1920,1,6413,RURAL
WANGARATTA,7469,1920,1,7469,RURAL
WARANGA,7060,1920,1,7060,RURAL
WARRENHEIP,5620,1920,1,5620,RURAL
WARRNAMBOOL,9347,1920,1,9347,RURAL
WILLIAMSTOWN,23281,1920,1,23281,URBAN
ABBOTSFORD,14506,1921,1,14506,URBAN
ALBERT PARK,20789,1921,1,20789,URBAN
ALLENDALE,5474,1921,1,5474,RURAL
BALLARAT EAST,9697,1921,1,9697,METRO
BALLARAT WEST,10232,1921,1,10232,METRO
BARWON,12042,1921,1,12042,RURAL
BENALLA,7927,1921,1,7927,RURAL
BENAMBRA,6621,1921,1,6621,RURAL
BENDIGO EAST,8805,1921,1,8805,METRO
BENDIGO WEST,9429,1921,1,9429,METRO
BOROONDARA,49157,1921,1,49157,URBAN
BORUNG,7824,1921,1,7824,RURAL
BRIGHTON,26285,1921,1,26285,URBAN
BRUNSWICK,25047,1921,1,25047,URBAN
BULLA,11290,1921,1,11290,RURAL
CARLTON,12762,1921,1,12762,URBAN
CASTLEMAINE AND MALDON,6621,1921,1,6621,RURAL
COLLINGWOOD,14796,1921,1,14796,URBAN
DALHOUSIE,6948,1921,1,6948,RURAL
DANDENONG,17719,1921,1,17719,RURAL
DAYLESFORD,6410,1921,1,6410,RURAL
DUNDAS,8215,1921,1,8215,RURAL
EAGLEHAWK,6412,1921,1,6412,RURAL
EAST MELBOURNE,12214,1921,1,12214,URBAN
ESSENDON,31676,1921,1,31676,URBAN
EVELYN,12151,1921,1,12151,RURAL
FITZROY,14745,1921,1,14745,URBAN
FLEMINGTON,23755,1921,1,23755,URBAN
GEELONG,14991,1921,1,14991,METRO
GIPPSLAND EAST,6146,1921,1,6146,RURAL
GIPPSLAND NORTH,9122,1921,1,9122,RURAL
GIPPSLAND SOUTH,9702,1921,1,9702,RURAL
GIPPSLAND WEST,9663,1921,1,9663,RURAL
GLENELG,8996,1921,1,8996,RURAL
GOULBURN VALLEY,8865,1921,1,8865,RURAL
GRENVILLE,4820,1921,1,4820,RURAL
GUNBOWER,8963,1921,1,8963,RURAL
HAMPDEN,11356,1921,1,11356,RURAL
HAWTHORN,29582,1921,1,29582,URBAN
JIKA JIKA,34953,1921,1,34953,URBAN
KARA KARA,6080,1921,1,6080,RURAL
KORONG,6831,1921,1,6831,RURAL
LOWAN,9640,1921,1,9640,RURAL
MARYBOROUGH,6664,1921,1,6664,RURAL
MELBOURNE,8825,1921,1,8825,URBAN
MORNINGTON,15741,1921,1,15741,RURAL
NORTH MELBOURNE,18362,1921,1,18362,URBAN
OVENS,5183,1921,1,5183,RURAL
POLWARTH,11310,1921,1,11310,RURAL
PORT FAIRY,8051,1921,1,8051,RURAL
PORT MELBOURNE,15321,1921,1,15321,URBAN
PRAHRAN,21095,1921,1,21095,URBAN
RICHMOND,16613,1921,1,16613,URBAN
RODNEY,11395,1921,1,11395,RURAL
ST KILDA,34106,1921,1,34106,URBAN
STAWELL AND ARARAT,7969,1921,1,7969,RURAL
BOX HILL,36217,1970,1,36217,URBAN
TOORAK,25421,1921,1,25421,URBAN
UPPER GOULBURN,8109,1921,1,8109,RURAL
WALHALLA,6758,1921,1,6758,RURAL
WANGARATTA,7566,1921,1,7566,RURAL
WARANGA,6950,1921,1,6950,RURAL
WARRENHEIP,5657,1921,1,5657,RURAL
WARRNAMBOOL,9027,1921,1,9027,RURAL
WILLIAMSTOWN,23939,1921,1,23939,URBAN
BOX HILL,46122,1973,1,46122,URBAN
ABBOTSFORD,14510,1924,1,14510,URBAN
ALBERT PARK,20431,1924,1,20431,URBAN
ALLENDALE,5216,1924,1,5216,RURAL
BALLARAT EAST,9756,1924,1,9756,METRO
BALLARAT WEST,10549,1924,1,10549,METRO
BARWON,12355,1924,1,12355,RURAL
BENALLA,7108,1924,1,7108,RURAL
BENAMBRA,6700,1924,1,6700,RURAL
BENDIGO EAST,8204,1924,1,8204,METRO
BENDIGO WEST,9017,1924,1,9017,METRO
BOROONDARA,63123,1924,1,63123,URBAN
BORUNG,7856,1924,1,7856,RURAL
BRIGHTON,30536,1924,1,30536,URBAN
BRUNSWICK,27788,1924,1,27788,URBAN
BULLA,11810,1924,1,11810,RURAL
CARLTON,11767,1924,1,11767,URBAN
CASTLEMAINE AND MALDON,6246,1924,1,6246,RURAL
COLLINGWOOD,14212,1924,1,14212,URBAN
DALHOUSIE,6704,1924,1,6704,RURAL
DANDENONG,19505,1924,1,19505,RURAL
DAYLESFORD,6185,1924,1,6185,RURAL
DUNDAS,8256,1924,1,8256,RURAL
EAGLEHAWK,5861,1924,1,5861,RURAL
EAST MELBOURNE,10938,1924,1,10938,URBAN
ESSENDON,37039,1924,1,37039,URBAN
EVELYN,12213,1924,1,12213,RURAL
FITZROY,12353,1924,1,12353,URBAN
FLEMINGTON,23713,1924,1,23713,URBAN
GEELONG,15405,1924,1,15405,METRO
GIPPSLAND EAST,6134,1924,1,6134,RURAL
GIPPSLAND NORTH,9543,1924,1,9543,RURAL
GIPPSLAND SOUTH,9745,1924,1,9745,RURAL
GIPPSLAND WEST,9385,1924,1,9385,RURAL
GLENELG,9022,1924,1,9022,RURAL
GOULBURN VALLEY,8924,1924,1,8924,RURAL
GRENVILLE,4256,1924,1,4256,RURAL
GUNBOWER,9178,1924,1,9178,RURAL
HAMPDEN,11573,1924,1,11573,RURAL
HAWTHORN,32143,1924,1,32143,URBAN
JIKA JIKA,41548,1924,1,41548,URBAN
KARA KARA,5958,1924,1,5958,RURAL
KORONG,6518,1924,1,6518,RURAL
LOWAN,10470,1924,1,10470,RURAL
MARYBOROUGH,6360,1924,1,6360,RURAL
MELBOURNE,7738,1924,1,7738,URBAN
MORNINGTON,17066,1924,1,17066,RURAL
NORTH MELBOURNE,15915,1924,1,15915,URBAN
OVENS,4880,1924,1,4880,RURAL
POLWARTH,11494,1924,1,11494,RURAL
PORT FAIRY,7313,1924,1,7313,RURAL
PORT MELBOURNE,15435,1924,1,15435,URBAN
PRAHRAN,19436,1924,1,19436,URBAN
RICHMOND,16381,1924,1,16381,URBAN
RODNEY,11194,1924,1,11194,RURAL
ST KILDA,35932,1924,1,35932,URBAN
STAWELL AND ARARAT,7910,1924,1,7910,RURAL
BOX HILL,28862,1976,1,28862,URBAN
TOORAK,24441,1924,1,24441,URBAN
UPPER GOULBURN,7760,1924,1,7760,RURAL
WALHALLA,7797,1924,1,7797,RURAL
WANGARATTA,7165,1924,1,7165,RURAL
WARANGA,6466,1924,1,6466,RURAL
WARRENHEIP,5192,1924,1,5192,RURAL
WARRNAMBOOL,9410,1924,1,9410,RURAL
WILLIAMSTOWN,24058,1924,1,24058,URBAN
ALBERT PARK,23697,1927,1,23697,URBAN
ALLENDALE,9709,1927,1,9709,RURAL
BOX HILL,28836,1979,1,28836,URBAN
BARWON,11441,1927,1,11441,RURAL
BENALLA,9717,1927,1,9717,RURAL
BENAMBRA,8066,1927,1,8066,RURAL
BOX HILL,28398,1982,1,28398,URBAN
BOROONDARA,21831,1927,1,21831,URBAN
BRIGHTON,22753,1927,1,22753,URBAN
BRUNSWICK,22998,1927,1,22998,URBAN
BOX HILL,30843,1985,1,30843,URBAN
CARLTON,22034,1927,1,22034,URBAN
BOX HILL,29135,1988,1,29135,URBAN
BOX HILL,33186,1992,1,33186,URBAN
BOX HILL,33537,1996,1,33537,URBAN
BOX HILL,34009,1999,1,34009,URBAN
COLLINGWOOD,23879,1927,1,23879,URBAN
DANDENONG,20571,1927,1,20571,RURAL
DUNDAS,10568,1927,1,10568,RURAL
ESSENDON,20677,1927,1,20677,URBAN
EVELYN,9494,1927,1,9494,RURAL
FLEMINGTON,21687,1927,1,21687,URBAN
BOX HILL,37475,2002,1,37475,URBAN
GEELONG,17621,1927,1,17621,METRO
GIPPSLAND EAST,7040,1927,1,7040,RURAL
GIPPSLAND NORTH,9962,1927,1,9962,RURAL
GIPPSLAND SOUTH,10042,1927,1,10042,RURAL
GIPPSLAND WEST,10060,1927,1,10060,RURAL
GOULBURN VALLEY,10778,1927,1,10778,RURAL
BOX HILL,37970,2006,1,37970,URBAN
GUNBOWER,10719,1927,1,10719,RURAL
HAMPDEN,10358,1927,1,10358,RURAL
HAWTHORN,21641,1927,1,21641,URBAN
BOX HILL,38898,2010,1,38898,URBAN
BOX HILL,43389,2014,1,43389,URBAN
BOX HILL,43983,2018,1,43983,URBAN
BROADMEADOWS,27829,1955,1,27829,URBAN
LOWAN,10923,1927,1,10923,RURAL
BROADMEADOWS,30448,1958,1,30448,URBAN
MELBOURNE,23045,1927,1,23045,URBAN
BROADMEADOWS,42871,1961,1,42871,URBAN
MORNINGTON,10520,1927,1,10520,RURAL
BROADMEADOWS,52865,1964,1,52865,URBAN
BROADMEADOWS,28583,1967,1,28583,URBAN
BROADMEADOWS,34766,1970,1,34766,URBAN
BROADMEADOWS,47641,1973,1,47641,URBAN
POLWARTH,10981,1927,1,10981,RURAL
BROADMEADOWS,29720,1976,1,29720,URBAN
PORT MELBOURNE,22076,1927,1,22076,URBAN
PRAHRAN,25087,1927,1,25087,URBAN
RICHMOND,24059,1927,1,24059,URBAN
RODNEY,10855,1927,1,10855,RURAL
ST KILDA,24958,1927,1,24958,URBAN
STAWELL AND ARARAT,10881,1927,1,10881,RURAL
BROADMEADOWS,34979,1979,1,34979,URBAN
TOORAK,22193,1927,1,22193,URBAN
UPPER GOULBURN,9333,1927,1,9333,RURAL
BROADMEADOWS,39105,1982,1,39105,URBAN
WALHALLA,9296,1927,1,9296,RURAL
BROADMEADOWS,27859,1985,1,27859,URBAN
WARANGA,9349,1927,1,9349,RURAL
BROADMEADOWS,26475,1988,1,26475,URBAN
WARRNAMBOOL,9991,1927,1,9991,RURAL
WILLIAMSTOWN,20379,1927,1,20379,URBAN
BROADMEADOWS,30828,1992,1,30828,URBAN
ALBERT PARK,22824,1929,1,22824,URBAN
ALLENDALE,9687,1929,1,9687,RURAL
BROADMEADOWS,34489,1996,1,34489,URBAN
BARWON,11680,1929,1,11680,RURAL
BENALLA,10901,1929,1,10901,RURAL
BENAMBRA,8453,1929,1,8453,RURAL
BROADMEADOWS,36559,1999,1,36559,URBAN
BOROONDARA,24813,1929,1,24813,URBAN
BRIGHTON,24523,1929,1,24523,URBAN
BRUNSWICK,24092,1929,1,24092,URBAN
BROADMEADOWS,37422,2002,1,37422,URBAN
CARLTON,20405,1929,1,20405,URBAN
BROADMEADOWS,36713,2006,1,36713,URBAN
BROADMEADOWS,37424,2010,1,37424,URBAN
BROADMEADOWS,41717,2014,1,41717,URBAN
BROADMEADOWS,43657,2018,1,43657,URBAN
COLLINGWOOD,22154,1929,1,22154,URBAN
DANDENONG,24661,1929,1,24661,RURAL
DUNDAS,10828,1929,1,10828,RURAL
ESSENDON,22310,1929,1,22310,URBAN
EVELYN,9997,1929,1,9997,RURAL
FLEMINGTON,21561,1929,1,21561,URBAN
BRUNSWICK EAST,18606,1955,1,18606,URBAN
GEELONG,17775,1929,1,17775,METRO
GIPPSLAND EAST,7126,1929,1,7126,RURAL
GIPPSLAND NORTH,10173,1929,1,10173,RURAL
GIPPSLAND SOUTH,10330,1929,1,10330,RURAL
GIPPSLAND WEST,10691,1929,1,10691,RURAL
GOULBURN VALLEY,11367,1929,1,11367,RURAL
BRUNSWICK EAST,18288,1958,1,18288,URBAN
GUNBOWER,11051,1929,1,11051,RURAL
HAMPDEN,10699,1929,1,10699,RURAL
HAWTHORN,22334,1929,1,22334,URBAN
BRUNSWICK EAST,16987,1961,1,16987,URBAN
BRUNSWICK EAST,15773,1964,1,15773,URBAN
BRUNSWICK EAST,24394,1967,1,24394,URBAN
BRUNSWICK EAST,23750,1970,1,23750,URBAN
LOWAN,11262,1929,1,11262,RURAL
BRUNSWICK EAST,24121,1973,1,24121,URBAN
MELBOURNE,21565,1929,1,21565,URBAN
BRUNSWICK WEST,16653,1955,1,16653,URBAN
MORNINGTON,11572,1929,1,11572,RURAL
BRUNSWICK WEST,20932,1958,1,20932,URBAN
BRUNSWICK WEST,19472,1961,1,19472,URBAN
BRUNSWICK WEST,18482,1964,1,18482,URBAN
BRUNSWICK WEST,24462,1967,1,24462,URBAN
POLWARTH,11217,1929,1,11217,RURAL
BRUNSWICK WEST,23067,1970,1,23067,URBAN
PORT MELBOURNE,21292,1929,1,21292,URBAN
PRAHRAN,24291,1929,1,24291,URBAN
RICHMOND,23375,1929,1,23375,URBAN
RODNEY,11240,1929,1,11240,RURAL
ST KILDA,26168,1929,1,26168,URBAN
STAWELL AND ARARAT,11071,1929,1,11071,RURAL
BRUNSWICK WEST,24023,1973,1,24023,URBAN
TOORAK,22001,1929,1,22001,URBAN
UPPER GOULBURN,9492,1929,1,9492,RURAL
BULLA AND DALHOUSIE,9971,1927,1,9971,RURAL
WALHALLA,10213,1929,1,10213,RURAL
BULLA AND DALHOUSIE,9959,1929,1,9959,RURAL
WARANGA,9229,1929,1,9229,RURAL
BULLA AND DALHOUSIE,10366,1932,1,10366,RURAL
WARRNAMBOOL,10466,1929,1,10466,RURAL
WILLIAMSTOWN,21549,1929,1,21549,URBAN
BULLA AND DALHOUSIE,10125,1935,1,10125,RURAL
BULLA AND DALHOUSIE,10096,1937,1,10096,RURAL
ALBERT PARK,22431,1932,1,22431,URBAN
ALLENDALE,10038,1932,1,10038,RURAL
BULLA AND DALHOUSIE,9941,1940,1,9941,RURAL
BARWON,12100,1932,1,12100,RURAL
BENALLA,10142,1932,1,10142,RURAL
BENAMBRA,8938,1932,1,8938,RURAL
BULLA AND DALHOUSIE,10251,1943,1,10251,RURAL
BOROONDARA,26127,1932,1,26127,URBAN
BRIGHTON,25429,1932,1,25429,URBAN
BRUNSWICK,24691,1932,1,24691,URBAN
BULLEEN,29571,1985,1,29571,URBAN
CARLTON,20099,1932,1,20099,URBAN
BULLEEN,31573,1988,1,31573,URBAN
BULLEEN,32423,1992,1,32423,URBAN
BULLEEN,32991,1996,1,32991,URBAN
BULLEEN,33760,1999,1,33760,URBAN
COLLINGWOOD,22306,1932,1,22306,URBAN
DANDENONG,26254,1932,1,26254,RURAL
DUNDAS,11239,1932,1,11239,RURAL
ESSENDON,22891,1932,1,22891,URBAN
EVELYN,10709,1932,1,10709,RURAL
FLEMINGTON,20852,1932,1,20852,URBAN
BULLEEN,34839,2002,1,34839,URBAN
GEELONG,18019,1932,1,18019,METRO
GIPPSLAND EAST,7771,1932,1,7771,RURAL
GIPPSLAND NORTH,10732,1932,1,10732,RURAL
GIPPSLAND SOUTH,11224,1932,1,11224,RURAL
GIPPSLAND WEST,11332,1932,1,11332,RURAL
GOULBURN VALLEY,11592,1932,1,11592,RURAL
BULLEEN,34692,2006,1,34692,URBAN
GUNBOWER,10991,1932,1,10991,RURAL
HAMPDEN,10905,1932,1,10905,RURAL
HAWTHORN,22720,1932,1,22720,URBAN
BULLEEN,35488,2010,1,35488,URBAN
BULLEEN,44072,2014,1,44072,URBAN
BULLEEN,44110,2018,1,44110,URBAN
BUNDOORA,28691,1976,1,28691,URBAN
LOWAN,11420,1932,1,11420,RURAL
BUNDOORA,31052,1979,1,31052,URBAN
MELBOURNE,19181,1932,1,19181,URBAN
BUNDOORA,33557,1982,1,33557,URBAN
MORNINGTON,12659,1932,1,12659,RURAL
BUNDOORA,28860,1985,1,28860,URBAN
BUNDOORA,30167,1988,1,30167,URBAN
BUNDOORA,34662,1992,1,34662,URBAN
BUNDOORA,35535,1996,1,35535,URBAN
POLWARTH,11306,1932,1,11306,RURAL
BUNDOORA,36747,1999,1,36747,URBAN
PORT MELBOURNE,21188,1932,1,21188,URBAN
PRAHRAN,24049,1932,1,24049,URBAN
RICHMOND,23625,1932,1,23625,URBAN
RODNEY,11521,1932,1,11521,RURAL
ST KILDA,26027,1932,1,26027,URBAN
STAWELL AND ARARAT,11277,1932,1,11277,RURAL
BUNDOORA,35029,2002,1,35029,URBAN
TOORAK,22496,1932,1,22496,URBAN
UPPER GOULBURN,9457,1932,1,9457,RURAL
BUNDOORA,35354,2006,1,35354,URBAN
WALHALLA,10638,1932,1,10638,RURAL
BUNDOORA,36644,2010,1,36644,URBAN
WARANGA,9414,1932,1,9414,RURAL
BUNDOORA,39435,2014,1,39435,URBAN
WARRNAMBOOL,11455,1932,1,11455,RURAL
WILLIAMSTOWN,21824,1932,1,21824,URBAN
BUNDOORA,40892,2018,1,40892,URBAN
ALBERT PARK,23066,1935,1,23066,URBAN
ALLENDALE,10454,1935,1,10454,RURAL
BUNINYONG,40891,2014,1,40891,URBAN
BARWON,12513,1935,1,12513,RURAL
BENALLA,10671,1935,1,10671,RURAL
BENAMBRA,9029,1935,1,9029,RURAL
BUNINYONG,45559,2018,1,45559,URBAN
BOROONDARA,27566,1935,1,27566,URBAN
BRIGHTON,26787,1935,1,26787,URBAN
BRUNSWICK,25787,1935,1,25787,URBAN
BURWOOD,21287,1955,1,21287,URBAN
CARLTON,21252,1935,1,21252,URBAN
BURWOOD,21622,1958,1,21622,URBAN
BURWOOD,21578,1961,1,21578,URBAN
BURWOOD,21599,1964,1,21599,URBAN
BURWOOD,28227,1976,1,28227,URBAN
COLLINGWOOD,23346,1935,1,23346,URBAN
DANDENONG,27968,1935,1,27968,RURAL
DUNDAS,11597,1935,1,11597,RURAL
ESSENDON,23709,1935,1,23709,URBAN
EVELYN,11264,1935,1,11264,RURAL
FLEMINGTON,22280,1935,1,22280,URBAN
BURWOOD,27458,1979,1,27458,URBAN
GEELONG,18647,1935,1,18647,METRO
GIPPSLAND EAST,7998,1935,1,7998,RURAL
GIPPSLAND NORTH,10930,1935,1,10930,RURAL
GIPPSLAND SOUTH,11422,1935,1,11422,RURAL
GIPPSLAND WEST,11419,1935,1,11419,RURAL
GOULBURN VALLEY,11974,1935,1,11974,RURAL
BURWOOD,26293,1982,1,26293,URBAN
GUNBOWER,11613,1935,1,11613,RURAL
HAMPDEN,11144,1935,1,11144,RURAL
HAWTHORN,23956,1935,1,23956,URBAN
BURWOOD,29873,1985,1,29873,URBAN
BURWOOD,28868,1988,1,28868,URBAN
BURWOOD,33375,1992,1,33375,URBAN
BURWOOD,33722,1996,1,33722,URBAN
LOWAN,11923,1935,1,11923,RURAL
BURWOOD,34668,1999,1,34668,URBAN
MELBOURNE,20754,1935,1,20754,URBAN
BURWOOD,37923,2002,1,37923,URBAN
MORNINGTON,13232,1935,1,13232,RURAL
BURWOOD,38284,2006,1,38284,URBAN
BURWOOD,38951,2010,1,38951,URBAN
BURWOOD,41878,2014,1,41878,URBAN
BURWOOD,43169,2018,1,43169,URBAN
POLWARTH,11665,1935,1,11665,RURAL
CAMBERWELL,25135,1945,1,25135,URBAN
PORT MELBOURNE,22253,1935,1,22253,URBAN
PRAHRAN,25454,1935,1,25454,URBAN
RICHMOND,24310,1935,1,24310,URBAN
RODNEY,11991,1935,1,11991,RURAL
ST KILDA,26417,1935,1,26417,URBAN
STAWELL AND ARARAT,11772,1935,1,11772,RURAL
CAMBERWELL,26885,1947,1,26885,URBAN
TOORAK,23817,1935,1,23817,URBAN
UPPER GOULBURN,9717,1935,1,9717,RURAL
CAMBERWELL,27066,1950,1,27066,URBAN
WALHALLA,10772,1935,1,10772,RURAL
CAMBERWELL,28618,1952,1,28618,URBAN
WARANGA,9579,1935,1,9579,RURAL
CAMBERWELL,21852,1955,1,21852,URBAN
WARRNAMBOOL,12117,1935,1,12117,RURAL
WILLIAMSTOWN,22676,1935,1,22676,URBAN
CAMBERWELL,21009,1958,1,21009,URBAN
ALBERT PARK,24087,1937,1,24087,URBAN
ALLENDALE,10245,1937,1,10245,RURAL
CAMBERWELL,20642,1961,1,20642,URBAN
BARWON,12812,1937,1,12812,RURAL
BENALLA,11408,1937,1,11408,RURAL
BENAMBRA,8954,1937,1,8954,RURAL
CAMBERWELL,20597,1964,1,20597,URBAN
BOROONDARA,31327,1937,1,31327,URBAN
BRIGHTON,28968,1937,1,28968,URBAN
BRUNSWICK,26454,1937,1,26454,URBAN
CAMBERWELL,24973,1967,1,24973,URBAN
CARLTON,21839,1937,1,21839,URBAN
CAMBERWELL,24742,1970,1,24742,URBAN
CAMBERWELL,25878,1973,1,25878,URBAN
CARLTON SOUTH,2310,1897,1,2310,URBAN
CARLTON SOUTH,2844,1900,1,2844,URBAN
COLLINGWOOD,23326,1937,1,23326,URBAN
DANDENONG,30516,1937,1,30516,RURAL
DUNDAS,12186,1937,1,12186,RURAL
ESSENDON,24842,1937,1,24842,URBAN
EVELYN,11672,1937,1,11672,RURAL
FLEMINGTON,22384,1937,1,22384,URBAN
CARLTON SOUTH,2671,1902,1,2671,URBAN
GEELONG,19168,1937,1,19168,METRO
GIPPSLAND EAST,8040,1937,1,8040,RURAL
GIPPSLAND NORTH,11185,1937,1,11185,RURAL
GIPPSLAND SOUTH,11504,1937,1,11504,RURAL
GIPPSLAND WEST,11467,1937,1,11467,RURAL
GOULBURN VALLEY,12426,1937,1,12426,RURAL
CARRUM,28728,1976,1,28728,URBAN
GUNBOWER,11467,1937,1,11467,RURAL
HAMPDEN,11165,1937,1,11165,RURAL
HAWTHORN,25770,1937,1,25770,URBAN
CARRUM,30171,1979,1,30171,URBAN
CARRUM,31367,1982,1,31367,URBAN
CARRUM,28696,1985,1,28696,URBAN
CARRUM,30288,1988,1,30288,URBAN
LOWAN,12173,1937,1,12173,RURAL
CARRUM,33458,1992,1,33458,URBAN
MELBOURNE,20180,1937,1,20180,URBAN
CARRUM,35676,1996,1,35676,URBAN
MORNINGTON,13451,1937,1,13451,RURAL
CARRUM,38150,1999,1,38150,URBAN
CARRUM,38869,2002,1,38869,URBAN
CARRUM,39516,2006,1,39516,URBAN
CARRUM,42415,2010,1,42415,URBAN
POLWARTH,11766,1937,1,11766,RURAL
CARRUM,44578,2014,1,44578,URBAN
PORT MELBOURNE,21406,1937,1,21406,URBAN
PRAHRAN,25570,1937,1,25570,URBAN
RICHMOND,25129,1937,1,25129,URBAN
RODNEY,12027,1937,1,12027,RURAL
ST KILDA,28999,1937,1,28999,URBAN
STAWELL AND ARARAT,11938,1937,1,11938,RURAL
CARRUM,48726,2018,1,48726,URBAN
TOORAK,24869,1937,1,24869,URBAN
UPPER GOULBURN,9761,1937,1,9761,RURAL
CASTLEMAINE,3385,1897,2,1692.5,RURAL
WALHALLA,11456,1937,1,11456,RURAL
CASTLEMAINE,4056,1900,2,2028,RURAL
WARANGA,9493,1937,1,9493,RURAL
CASTLEMAINE,3870,1902,2,1935,RURAL
WARRNAMBOOL,12311,1937,1,12311,RURAL
WILLIAMSTOWN,23364,1937,1,23364,URBAN
CASTLEMAINE AND KYNETON,9928,1927,1,9928,RURAL
ALBERT PARK,24316,1940,1,24316,URBAN
ALLENDALE,9956,1940,1,9956,RURAL
CASTLEMAINE AND KYNETON,10291,1929,1,10291,RURAL
BARWON,13237,1940,1,13237,RURAL
BENALLA,11190,1940,1,11190,RURAL
BENAMBRA,9122,1940,1,9122,RURAL
CASTLEMAINE AND KYNETON,10732,1932,1,10732,RURAL
BOROONDARA,34198,1940,1,34198,URBAN
BRIGHTON,31341,1940,1,31341,URBAN
BRUNSWICK,27426,1940,1,27426,URBAN
CASTLEMAINE AND KYNETON,10820,1935,1,10820,RURAL
CARLTON,21532,1940,1,21532,URBAN
CASTLEMAINE AND KYNETON,11140,1937,1,11140,RURAL
CASTLEMAINE AND KYNETON,10811,1940,1,10811,RURAL
CASTLEMAINE AND KYNETON,10732,1943,1,10732,RURAL
CAULFIELD,23388,1927,1,23388,URBAN
COLLINGWOOD,23018,1940,1,23018,URBAN
DANDENONG,33158,1940,1,33158,RURAL
DUNDAS,12364,1940,1,12364,RURAL
ESSENDON,26556,1940,1,26556,URBAN
EVELYN,11873,1940,1,11873,RURAL
FLEMINGTON,23278,1940,1,23278,URBAN
CAULFIELD,24591,1929,1,24591,URBAN
GEELONG,19494,1940,1,19494,METRO
GIPPSLAND EAST,7886,1940,1,7886,RURAL
GIPPSLAND NORTH,11033,1940,1,11033,RURAL
GIPPSLAND SOUTH,12048,1940,1,12048,RURAL
GIPPSLAND WEST,11443,1940,1,11443,RURAL
GOULBURN VALLEY,12696,1940,1,12696,RURAL
CAULFIELD,24870,1932,1,24870,URBAN
GUNBOWER,11229,1940,1,11229,RURAL
HAMPDEN,11090,1940,1,11090,RURAL
HAWTHORN,25869,1940,1,25869,URBAN
CAULFIELD,25557,1935,1,25557,URBAN
CAULFIELD,27834,1937,1,27834,URBAN
CAULFIELD,29438,1940,1,29438,URBAN
CAULFIELD,32473,1943,1,32473,URBAN
LOWAN,12398,1940,1,12398,RURAL
CAULFIELD,25018,1945,1,25018,URBAN
MELBOURNE,20590,1940,1,20590,URBAN
CAULFIELD,25644,1947,1,25644,URBAN
MORNINGTON,14285,1940,1,14285,RURAL
CAULFIELD,23785,1950,1,23785,URBAN
CAULFIELD,22279,1952,1,22279,URBAN
CAULFIELD,18205,1955,1,18205,URBAN
CAULFIELD,21916,1958,1,21916,URBAN
POLWARTH,11882,1940,1,11882,RURAL
CAULFIELD,21439,1961,1,21439,URBAN
PORT MELBOURNE,21462,1940,1,21462,URBAN
PRAHRAN,25936,1940,1,25936,URBAN
RICHMOND,23769,1940,1,23769,URBAN
RODNEY,11993,1940,1,11993,RURAL
ST KILDA,30920,1940,1,30920,URBAN
STAWELL AND ARARAT,11767,1940,1,11767,RURAL
CAULFIELD,21310,1964,1,21310,URBAN
TOORAK,25017,1940,1,25017,URBAN
UPPER GOULBURN,9607,1940,1,9607,RURAL
CAULFIELD,26248,1967,1,26248,URBAN
WALHALLA,11953,1940,1,11953,RURAL
CAULFIELD,26691,1970,1,26691,URBAN
WARANGA,9020,1940,1,9020,RURAL
CAULFIELD,29360,1973,1,29360,URBAN
WARRNAMBOOL,12606,1940,1,12606,RURAL
WILLIAMSTOWN,24309,1940,1,24309,URBAN
CAULFIELD,30192,1976,1,30192,URBAN
ALBERT PARK,28881,1943,1,28881,URBAN
ALLENDALE,9486,1943,1,9486,RURAL
CAULFIELD,27954,1979,1,27954,URBAN
BARWON,13828,1943,1,13828,RURAL
BENALLA,10872,1943,1,10872,RURAL
BENAMBRA,9506,1943,1,9506,RURAL
CAULFIELD,26979,1982,1,26979,URBAN
BOROONDARA,39261,1943,1,39261,URBAN
BRIGHTON,35993,1943,1,35993,URBAN
BRUNSWICK,29664,1943,1,29664,URBAN
CAULFIELD,30759,1985,1,30759,URBAN
CARLTON,22723,1943,1,22723,URBAN
CAULFIELD,28881,1988,1,28881,URBAN
CAULFIELD,34806,1992,1,34806,URBAN
CAULFIELD,36424,1996,1,36424,URBAN
CAULFIELD,37601,1999,1,37601,URBAN
COLLINGWOOD,24496,1943,1,24496,URBAN
DANDENONG,39698,1943,1,39698,RURAL
DUNDAS,12385,1943,1,12385,RURAL
ESSENDON,30894,1943,1,30894,URBAN
EVELYN,13259,1943,1,13259,RURAL
FLEMINGTON,25925,1943,1,25925,URBAN
CAULFIELD,36314,2002,1,36314,URBAN
GEELONG,20395,1943,1,20395,METRO
GIPPSLAND EAST,7443,1943,1,7443,RURAL
GIPPSLAND NORTH,11180,1943,1,11180,RURAL
GIPPSLAND SOUTH,13018,1943,1,13018,RURAL
GIPPSLAND WEST,12061,1943,1,12061,RURAL
GOULBURN VALLEY,12712,1943,1,12712,RURAL
CAULFIELD,36491,2006,1,36491,URBAN
GUNBOWER,10439,1943,1,10439,RURAL
HAMPDEN,10735,1943,1,10735,RURAL
HAWTHORN,28500,1943,1,28500,URBAN
CAULFIELD,37692,2010,1,37692,URBAN
CAULFIELD,41992,2014,1,41992,URBAN
CAULFIELD,45222,2018,1,45222,URBAN
CAULFIELD EAST,22789,1955,1,22789,URBAN
LOWAN,11952,1943,1,11952,RURAL
CLARINDA,43698,2014,1,43698,URBAN
MELBOURNE,23712,1943,1,23712,URBAN
CLARINDA,44462,2018,1,44462,URBAN
MORNINGTON,15525,1943,1,15525,RURAL
CLAYTON,30153,1985,1,30153,URBAN
CLAYTON,30052,1988,1,30052,URBAN
CLAYTON,34141,1992,1,34141,URBAN
CLAYTON,35509,1996,1,35509,URBAN
POLWARTH,11884,1943,1,11884,RURAL
CLAYTON,36653,1999,1,36653,URBAN
PORT MELBOURNE,22668,1943,1,22668,URBAN
PRAHRAN,32947,1943,1,32947,URBAN
RICHMOND,26162,1943,1,26162,URBAN
RODNEY,11678,1943,1,11678,RURAL
ST KILDA,33617,1943,1,33617,URBAN
STAWELL AND ARARAT,11174,1943,1,11174,RURAL
CLAYTON,34674,2002,1,34674,URBAN
TOORAK,30232,1943,1,30232,URBAN
UPPER GOULBURN,9987,1943,1,9987,RURAL
CLAYTON,33398,2006,1,33398,URBAN
WALHALLA,13343,1943,1,13343,RURAL
CLAYTON,33843,2010,1,33843,URBAN
WARANGA,8602,1943,1,8602,RURAL
CLIFTON HILL,24347,1927,1,24347,URBAN
WARRNAMBOOL,12609,1943,1,12609,RURAL
WILLIAMSTOWN,26497,1943,1,26497,URBAN
CLIFTON HILL,23189,1929,1,23189,URBAN
ALBERT PARK,25431,1945,1,25431,URBAN
ALLENDALE,14444,1945,1,14444,RURAL
CLIFTON HILL,23406,1932,1,23406,URBAN
BARWON,14272,1945,1,14272,RURAL
BENALLA,12947,1945,1,12947,RURAL
BENAMBRA,12297,1945,1,12297,RURAL
CLIFTON HILL,23877,1935,1,23877,URBAN
BORUNG,12999,1945,1,12999,RURAL
CLIFTON HILL,24329,1937,1,24329,URBAN
BRIGHTON,25681,1945,1,25681,URBAN
BRUNSWICK,26742,1945,1,26742,URBAN
CLIFTON HILL,24131,1940,1,24131,URBAN
CARLTON,25575,1945,1,25575,URBAN
CLIFTON HILL,25553,1943,1,25553,URBAN
CLIFTON HILL,26112,1945,1,26112,URBAN
CLIFTON HILL,26947,1947,1,26947,URBAN
COLLINGWOOD,25855,1945,1,25855,URBAN
DANDENONG,24009,1945,1,24009,RURAL
DUNDAS,13791,1945,1,13791,RURAL
CLIFTON HILL,25422,1950,1,25422,URBAN
ESSENDON,25117,1945,1,25117,URBAN
EVELYN,13580,1945,1,13580,RURAL
CLIFTON HILL,23293,1952,1,23293,URBAN
GEELONG,20755,1945,1,20755,METRO
GIPPSLAND EAST,12015,1945,1,12015,RURAL
GIPPSLAND NORTH,13031,1945,1,13031,RURAL
GIPPSLAND SOUTH,13883,1945,1,13883,RURAL
GIPPSLAND WEST,14389,1945,1,14389,RURAL
CLUNES AND ALLANDALE,1743,1897,1,1743,RURAL
CLUNES AND ALLANDALE,1744,1900,1,1744,RURAL
CLUNES AND ALLANDALE,1654,1902,1,1654,RURAL
HAMPDEN,14126,1945,1,14126,RURAL
HAWTHORN,25451,1945,1,25451,URBAN
COBURG,20528,1927,1,20528,URBAN
COBURG,23308,1929,1,23308,URBAN
KORONG,12884,1945,1,12884,RURAL
COBURG,24369,1932,1,24369,URBAN
MELBOURNE,26354,1945,1,26354,URBAN
COBURG,25864,1935,1,25864,URBAN
COBURG,27404,1937,1,27404,URBAN
COBURG,29098,1940,1,29098,URBAN
COBURG,32906,1943,1,32906,URBAN
COBURG,24441,1945,1,24441,URBAN
MORNINGTON,14006,1945,1,14006,RURAL
COBURG,25629,1947,1,25629,URBAN
COBURG,25631,1950,1,25631,URBAN
COBURG,25438,1952,1,25438,URBAN
POLWARTH,13753,1945,1,13753,RURAL
PORT MELBOURNE,26747,1945,1,26747,URBAN
COBURG,22829,1955,1,22829,URBAN
PRAHRAN,26746,1945,1,26746,URBAN
COBURG,21911,1958,1,21911,URBAN
COBURG,21501,1961,1,21501,URBAN
COBURG,20970,1964,1,20970,URBAN
RODNEY,14104,1945,1,14104,RURAL
ST KILDA,24855,1945,1,24855,URBAN
COBURG,23869,1967,1,23869,URBAN
COBURG,23289,1970,1,23289,URBAN
COBURG,23606,1973,1,23606,URBAN
COBURG,28927,1976,1,28927,URBAN
TOORAK,25608,1945,1,25608,URBAN
WARRNAMBOOL,13871,1945,1,13871,RURAL
WILLIAMSTOWN,25281,1945,1,25281,URBAN
COBURG,28773,1979,1,28773,URBAN
ALBERT PARK,26921,1947,1,26921,URBAN
ALLENDALE,15101,1947,1,15101,RURAL
COBURG,29323,1982,1,29323,URBAN
BARWON,15546,1947,1,15546,RURAL
BENALLA,13510,1947,1,13510,RURAL
BENAMBRA,12503,1947,1,12503,RURAL
COBURG,30688,1985,1,30688,URBAN
BORUNG,13382,1947,1,13382,RURAL
COBURG,29335,1988,1,29335,URBAN
BRIGHTON,27819,1947,1,27819,URBAN
BRUNSWICK,26281,1947,1,26281,URBAN
COBURG,33221,1992,1,33221,URBAN
CARLTON,27343,1947,1,27343,URBAN
COBURG,34394,1996,1,34394,URBAN
COBURG,35338,1999,1,35338,URBAN
CRANBOURNE,33106,1992,1,33106,URBAN
COLLINGWOOD,27055,1947,1,27055,URBAN
DANDENONG,27663,1947,1,27663,RURAL
DUNDAS,14721,1947,1,14721,RURAL
CRANBOURNE,38062,1996,1,38062,URBAN
ESSENDON,26936,1947,1,26936,URBAN
EVELYN,15459,1947,1,15459,RURAL
CRANBOURNE,41084,1999,1,41084,URBAN
GEELONG,21860,1947,1,21860,METRO
GIPPSLAND EAST,12598,1947,1,12598,RURAL
GIPPSLAND NORTH,14096,1947,1,14096,RURAL
GIPPSLAND SOUTH,14777,1947,1,14777,RURAL
GIPPSLAND WEST,15452,1947,1,15452,RURAL
CRANBOURNE,34009,2002,1,34009,URBAN
CRANBOURNE,40541,2006,1,40541,URBAN
CRANBOURNE,48076,2010,1,48076,URBAN
HAMPDEN,14426,1947,1,14426,RURAL
HAWTHORN,25775,1947,1,25775,URBAN
CRANBOURNE,45863,2014,1,45863,URBAN
CRANBOURNE,61814,2018,1,61814,URBAN
KORONG,12995,1947,1,12995,RURAL
CRESWICK,1941,1897,1,1941,URBAN
MELBOURNE,26462,1947,1,26462,URBAN
CRESWICK,1812,1900,1,1812,URBAN
CRESWICK,1857,1902,1,1857,URBAN
CROYDON,40730,2014,1,40730,URBAN
CROYDON,42995,2018,1,42995,URBAN
DANDENONG AND BERWICK,3572,1897,1,3572,RURAL
MORNINGTON,16371,1947,1,16371,RURAL
DANDENONG AND BERWICK,4179,1900,1,4179,RURAL
DANDENONG AND BERWICK,4475,1902,1,4475,RURAL
DANDENONG NORTH,28672,1985,1,28672,URBAN
POLWARTH,14266,1947,1,14266,RURAL
PORT MELBOURNE,27922,1947,1,27922,URBAN
DANDENONG NORTH,29751,1988,1,29751,URBAN
PRAHRAN,27361,1947,1,27361,URBAN
DANDENONG NORTH,32542,1992,1,32542,URBAN
DANDENONG NORTH,33225,1996,1,33225,URBAN
RICHMOND,27019,1947,1,27019,URBAN
DANDENONG NORTH,33802,1999,1,33802,URBAN
RODNEY,14392,1947,1,14392,RURAL
ST KILDA,25837,1947,1,25837,URBAN
DEER PARK,29969,1967,1,29969,URBAN
DEER PARK,37093,1970,1,37093,URBAN
DEER PARK,48933,1973,1,48933,URBAN
DELATITE,2528,1897,1,2528,RURAL
TOORAK,26161,1947,1,26161,URBAN
WARRNAMBOOL,14469,1947,1,14469,RURAL
WILLIAMSTOWN,26701,1947,1,26701,URBAN
DELATITE,2592,1900,1,2592,RURAL
ALBERT PARK,25615,1950,1,25615,URBAN
ALLENDALE,15337,1950,1,15337,RURAL
DELATITE,2670,1902,1,2670,RURAL
BARWON,16150,1950,1,16150,RURAL
BENALLA,13786,1950,1,13786,RURAL
BENAMBRA,13559,1950,1,13559,RURAL
DERRIMUT,29159,1985,1,29159,URBAN
BORUNG,13692,1950,1,13692,RURAL
DERRIMUT,32258,1988,1,32258,URBAN
BRIGHTON,28430,1950,1,28430,URBAN
BRUNSWICK,25076,1950,1,25076,URBAN
DERRIMUT,34611,2002,1,34611,URBAN
CARLTON,26138,1950,1,26138,URBAN
DERRIMUT,35906,2006,1,35906,URBAN
DERRIMUT,40846,2010,1,40846,URBAN
DONALD AND SWAN HILL,6000,1897,1,6000,RURAL
COLLINGWOOD,25664,1950,1,25664,URBAN
DANDENONG,35118,1950,1,35118,RURAL
DUNDAS,15103,1950,1,15103,RURAL
DONALD AND SWAN HILL,6175,1900,1,6175,RURAL
ESSENDON,29622,1950,1,29622,URBAN
EVELYN,17076,1950,1,17076,RURAL
DONALD AND SWAN HILL,6140,1902,1,6140,RURAL
GEELONG,21578,1950,1,21578,METRO
GIPPSLAND EAST,13156,1950,1,13156,RURAL
GIPPSLAND NORTH,16243,1950,1,16243,RURAL
GIPPSLAND SOUTH,16282,1950,1,16282,RURAL
GIPPSLAND WEST,16035,1950,1,16035,RURAL
DONALD AND SWAN HILL,3294,1904,1,3294,RURAL
DONALD AND SWAN HILL,3114,1907,1,3114,RURAL
DONALD AND SWAN HILL,3246,1908,1,3246,RURAL
HAMPDEN,14476,1950,1,14476,RURAL
HAWTHORN,24081,1950,1,24081,URBAN
DONALD AND SWAN HILL,9978,1911,1,9978,RURAL
DONALD AND SWAN HILL,13400,1914,1,13400,RURAL
KORONG,12780,1950,1,12780,RURAL
DONALD AND SWAN HILL,13950,1917,1,13950,RURAL
MELBOURNE,24221,1950,1,24221,URBAN
DONALD AND SWAN HILL,17619,1920,1,17619,RURAL
DONALD AND SWAN HILL,18135,1921,1,18135,RURAL
DONALD AND SWAN HILL,21313,1924,1,21313,RURAL
DONALD AND SWAN HILL,8837,1927,1,8837,RURAL
DONALD AND SWAN HILL,9220,1929,1,9220,RURAL
MORNINGTON,17967,1950,1,17967,RURAL
DONALD AND SWAN HILL,9172,1932,1,9172,RURAL
DONALD AND SWAN HILL,9775,1935,1,9775,RURAL
DONALD AND SWAN HILL,9407,1937,1,9407,RURAL
POLWARTH,14735,1950,1,14735,RURAL
PORT MELBOURNE,26680,1950,1,26680,URBAN
DONALD AND SWAN HILL,9176,1940,1,9176,RURAL
PRAHRAN,24805,1950,1,24805,URBAN
DONALD AND SWAN HILL,8915,1943,1,8915,RURAL
DONALD AND SWAN HILL,13411,1945,1,13411,RURAL
RICHMOND,25304,1950,1,25304,URBAN
DONALD AND SWAN HILL,13684,1947,1,13684,RURAL
RODNEY,14600,1950,1,14600,RURAL
ST KILDA,23724,1950,1,23724,URBAN
DONALD AND SWAN HILL,14042,1950,1,14042,RURAL
DONALD AND SWAN HILL,14315,1952,1,14315,RURAL
DONALD AND SWAN HILL,18847,1955,1,18847,RURAL
DONALD AND SWAN HILL,19727,1958,1,19727,RURAL
TOORAK,22889,1950,1,22889,URBAN
WARRNAMBOOL,14506,1950,1,14506,RURAL
WILLIAMSTOWN,26983,1950,1,26983,URBAN
DONALD AND SWAN HILL,19703,1961,1,19703,RURAL
ALBERT PARK,22280,1952,1,22280,URBAN
ALLENDALE,15929,1952,1,15929,RURAL
DONALD AND SWAN HILL,20109,1964,1,20109,RURAL
BARWON,17675,1952,1,17675,RURAL
BENALLA,13646,1952,1,13646,RURAL
BENAMBRA,14050,1952,1,14050,RURAL
DONALD AND SWAN HILL,18434,1967,1,18434,RURAL
BORUNG,13911,1952,1,13911,RURAL
DONALD AND SWAN HILL,18726,1970,1,18726,RURAL
BRIGHTON,27525,1952,1,27525,URBAN
BRUNSWICK,22887,1952,1,22887,URBAN
DONALD AND SWAN HILL,19808,1973,1,19808,RURAL
CARLTON,23883,1952,1,23883,URBAN
DONALD AND SWAN HILL,25087,1976,1,25087,RURAL
DONALD AND SWAN HILL,25922,1979,1,25922,RURAL
DONALD AND SWAN HILL,26561,1982,1,26561,RURAL
COLLINGWOOD,24077,1952,1,24077,URBAN
DANDENONG,45752,1952,1,45752,RURAL
DUNDAS,15407,1952,1,15407,RURAL
DONALD AND SWAN HILL,28043,1985,1,28043,RURAL
ESSENDON,33201,1952,1,33201,URBAN
EVELYN,19024,1952,1,19024,RURAL
DONALD AND SWAN HILL,28014,1988,1,28014,RURAL
GEELONG,21255,1952,1,21255,METRO
GIPPSLAND EAST,13539,1952,1,13539,RURAL
GIPPSLAND NORTH,18403,1952,1,18403,RURAL
GIPPSLAND SOUTH,19356,1952,1,19356,RURAL
GIPPSLAND WEST,16603,1952,1,16603,RURAL
DONALD AND SWAN HILL,31530,1992,1,31530,RURAL
DONALD AND SWAN HILL,30788,1996,1,30788,RURAL
DONALD AND SWAN HILL,30088,1999,1,30088,RURAL
HAMPDEN,14929,1952,1,14929,RURAL
HAWTHORN,22133,1952,1,22133,URBAN
DONALD AND SWAN HILL,34662,2002,1,34662,RURAL
DONALD AND SWAN HILL,33731,2006,1,33731,RURAL
KORONG,12767,1952,1,12767,RURAL
DONALD AND SWAN HILL,33073,2010,1,33073,RURAL
MELBOURNE,21963,1952,1,21963,URBAN
DONCASTER,28436,1976,1,28436,URBAN
DONCASTER,30473,1979,1,30473,URBAN
DONCASTER,33023,1982,1,33023,URBAN
DONCASTER,28470,1985,1,28470,URBAN
DONCASTER,31165,1988,1,31165,URBAN
MORNINGTON,21208,1952,1,21208,RURAL
DONCASTER,33557,1992,1,33557,URBAN
DONCASTER,34695,1996,1,34695,URBAN
DONCASTER,35902,1999,1,35902,URBAN
POLWARTH,15350,1952,1,15350,RURAL
PORT MELBOURNE,24767,1952,1,24767,URBAN
DONCASTER,35426,2002,1,35426,URBAN
PRAHRAN,23311,1952,1,23311,URBAN
DONCASTER,35524,2006,1,35524,URBAN
DONCASTER,36523,2010,1,36523,URBAN
RICHMOND,22821,1952,1,22821,URBAN
DOVETON,29005,1985,1,29005,URBAN
RODNEY,14662,1952,1,14662,RURAL
ST KILDA,21554,1952,1,21554,URBAN
DOVETON,40202,1988,1,40202,URBAN
DROMANA,19515,1967,1,19515,URBAN
DROMANA,23027,1970,1,23027,URBAN
DROMANA,29585,1973,1,29585,URBAN
TOORAK,22902,1952,1,22902,URBAN
WARRNAMBOOL,14887,1952,1,14887,RURAL
WILLIAMSTOWN,27891,1952,1,27891,URBAN
DROMANA,28034,1976,1,28034,URBAN
ALBERT PARK,17402,1955,1,17402,URBAN
DROMANA,31823,1979,1,31823,URBAN
DROMANA,35516,1982,1,35516,URBAN
DROMANA,30105,1985,1,30105,URBAN
DROMANA,34394,1988,1,34394,URBAN
BENALLA,21115,1955,1,21115,RURAL
BENAMBRA,20430,1955,1,20430,RURAL
DROMANA,32537,1992,1,32537,URBAN
DROMANA,33917,1996,1,33917,URBAN
BRIGHTON,19332,1955,1,19332,URBAN
DROMANA,36014,1999,1,36014,URBAN
DUNOLLY,2048,1897,1,2048,URBAN
DUNOLLY,2041,1900,1,2041,URBAN
DUNOLLY,2083,1902,1,2083,URBAN
EAST BOURKE BOROUGHS,8871,1897,2,4435.5,RURAL
CARLTON,17007,1955,1,17007,URBAN
EAST BOURKE BOROUGHS,10159,1900,2,5079.5,RURAL
EAST BOURKE BOROUGHS,10624,1902,2,5312,RURAL
EASTERN SUBURBS,4904,1897,1,4904,URBAN
COLLINGWOOD,15355,1955,1,15355,URBAN
DANDENONG,36477,1955,1,36477,RURAL
DUNDAS,19146,1955,1,19146,RURAL
EASTERN SUBURBS,5199,1900,1,5199,URBAN
EVELYN,32036,1955,1,32036,RURAL
FLEMINGTON,16784,1955,1,16784,URBAN
EASTERN SUBURBS,5451,1902,1,5451,URBAN
GEELONG,23614,1955,1,23614,METRO
EILDON,41479,2014,1,41479,RURAL
GIPPSLAND EAST,19158,1955,1,19158,RURAL
GIPPSLAND SOUTH,19782,1955,1,19782,RURAL
GIPPSLAND WEST,22886,1955,1,22886,RURAL
EILDON,44881,2018,1,44881,RURAL
HAMPDEN,19641,1955,1,19641,RURAL
HAWTHORN,17734,1955,1,17734,URBAN
ELSTERNWICK,23310,1945,1,23310,URBAN
KARA KARA,18085,1955,1,18085,RURAL
ELSTERNWICK,24377,1947,1,24377,URBAN
LOWAN,17943,1955,1,17943,RURAL
ELSTERNWICK,22994,1950,1,22994,URBAN
MELBOURNE,16377,1955,1,16377,URBAN
ELSTERNWICK,21478,1952,1,21478,URBAN
ELSTERNWICK,21166,1955,1,21166,URBAN
ELSTERNWICK,21695,1958,1,21695,URBAN
ELSTERNWICK,20589,1961,1,20589,URBAN
ELSTERNWICK,20887,1964,1,20887,URBAN
MORNINGTON,24684,1955,1,24684,RURAL
ELTHAM,35275,1992,1,35275,URBAN
ELTHAM,38186,1996,1,38186,URBAN
ELTHAM,40355,1999,1,40355,URBAN
ELTHAM,37879,2002,1,37879,URBAN
ELTHAM,38242,2006,1,38242,URBAN
POLWARTH,20402,1955,1,20402,RURAL
PORT MELBOURNE,17203,1955,1,17203,URBAN
ELTHAM,39389,2010,1,39389,URBAN
PRAHRAN,18302,1955,1,18302,URBAN
ELTHAM,44409,2014,1,44409,URBAN
ELTHAM,44820,2018,1,44820,URBAN
RICHMOND,16676,1955,1,16676,URBAN
EMERALD HILL,2521,1897,1,2521,RURAL
RODNEY,21099,1955,1,21099,RURAL
ST KILDA,18521,1955,1,18521,URBAN
EMERALD HILL,2894,1900,1,2894,RURAL
EMERALD HILL,2821,1902,1,2821,RURAL
ESSENDON AND FLEMINGTON,5108,1897,1,5108,URBAN
TOORAK,18505,1955,1,18505,URBAN
WILLIAMSTOWN,19717,1955,1,19717,URBAN
ALBERT PARK,19844,1958,1,19844,URBAN
ESSENDON AND FLEMINGTON,5982,1900,1,5982,URBAN
ESSENDON AND FLEMINGTON,6914,1902,1,6914,URBAN
EUROA,45847,2014,1,45847,RURAL
BENALLA,20675,1958,1,20675,RURAL
BENAMBRA,21636,1958,1,21636,RURAL
EUROA,49251,2018,1,49251,RURAL
FERNTREE GULLY,38626,2002,1,38626,URBAN
BRIGHTON,21449,1958,1,21449,URBAN
FERNTREE GULLY,40994,2006,1,40994,URBAN
FERNTREE GULLY,44213,2010,1,44213,URBAN
FERNTREE GULLY,40780,2014,1,40780,URBAN
FERNTREE GULLY,41141,2018,1,41141,URBAN
FOOTSCRAY,3980,1894,1,3980,URBAN
FOOTSCRAY,3776,1897,1,3776,URBAN
FOOTSCRAY,4304,1900,1,4304,URBAN
DANDENONG,29072,1958,1,29072,RURAL
DUNDAS,21822,1958,1,21822,RURAL
FOOTSCRAY,4843,1902,1,4843,URBAN
ESSENDON,23052,1958,1,23052,URBAN
EVELYN,25508,1958,1,25508,RURAL
FITZROY,19456,1958,1,19456,URBAN
FLEMINGTON,19264,1958,1,19264,URBAN
FOOTSCRAY,21599,1927,1,21599,URBAN
GEELONG,21207,1958,1,21207,METRO
FOOTSCRAY,23970,1929,1,23970,URBAN
GIPPSLAND EAST,20841,1958,1,20841,RURAL
GIPPSLAND SOUTH,21889,1958,1,21889,RURAL
GIPPSLAND WEST,21924,1958,1,21924,RURAL
FOOTSCRAY,24201,1932,1,24201,URBAN
HAMPDEN,20842,1958,1,20842,RURAL
HAWTHORN,20017,1958,1,20017,URBAN
FOOTSCRAY,25398,1935,1,25398,URBAN
KARA KARA,19973,1958,1,19973,RURAL
FOOTSCRAY,26575,1937,1,26575,URBAN
LOWAN,20602,1958,1,20602,RURAL
FOOTSCRAY,28541,1940,1,28541,URBAN
MELBOURNE,18872,1958,1,18872,URBAN
FOOTSCRAY,34165,1943,1,34165,URBAN
FOOTSCRAY,25587,1945,1,25587,URBAN
FOOTSCRAY,26296,1947,1,26296,URBAN
FOOTSCRAY,25077,1950,1,25077,URBAN
FOOTSCRAY,23372,1952,1,23372,URBAN
MORNINGTON,23629,1958,1,23629,RURAL
FOOTSCRAY,19832,1955,1,19832,URBAN
FOOTSCRAY,20607,1958,1,20607,URBAN
FOOTSCRAY,20222,1961,1,20222,URBAN
FOOTSCRAY,20055,1964,1,20055,URBAN
FOOTSCRAY,24957,1967,1,24957,URBAN
FOOTSCRAY,24472,1970,1,24472,URBAN
POLWARTH,23001,1958,1,23001,RURAL
FOOTSCRAY,24789,1973,1,24789,URBAN
PRAHRAN,19767,1958,1,19767,URBAN
FOOTSCRAY,29323,1976,1,29323,URBAN
FOOTSCRAY,28052,1979,1,28052,URBAN
RICHMOND,19583,1958,1,19583,URBAN
FOOTSCRAY,28169,1982,1,28169,URBAN
FOOTSCRAY,32137,1985,1,32137,URBAN
RODNEY,21542,1958,1,21542,RURAL
ST KILDA,20183,1958,1,20183,URBAN
FOOTSCRAY,31452,1988,1,31452,URBAN
FOOTSCRAY,32631,1992,1,32631,URBAN
FOOTSCRAY,33297,1996,1,33297,URBAN
TOORAK,19452,1958,1,19452,URBAN
WILLIAMSTOWN,20110,1958,1,20110,URBAN
FOOTSCRAY,34174,1999,1,34174,URBAN
ALBERT PARK,17415,1961,1,17415,URBAN
FOOTSCRAY,37412,2002,1,37412,URBAN
FOOTSCRAY,37293,2006,1,37293,URBAN
FOOTSCRAY,40289,2010,1,40289,URBAN
BENALLA,20915,1961,1,20915,RURAL
BENAMBRA,23039,1961,1,23039,RURAL
FOOTSCRAY,46116,2014,1,46116,URBAN
FOOTSCRAY,51602,2018,1,51602,URBAN
BRIGHTON,20878,1961,1,20878,URBAN
FOREST HILL,29761,1976,1,29761,URBAN
FOREST HILL,31724,1979,1,31724,URBAN
FOREST HILL,33778,1982,1,33778,URBAN
FOREST HILL,29219,1985,1,29219,URBAN
FOREST HILL,30545,1988,1,30545,URBAN
FOREST HILL,33378,1992,1,33378,URBAN
FOREST HILL,33610,1996,1,33610,URBAN
DANDENONG,37575,1961,1,37575,RURAL
DUNDAS,21766,1961,1,21766,RURAL
FOREST HILL,33431,1999,1,33431,URBAN
ESSENDON,24434,1961,1,24434,URBAN
EVELYN,30817,1961,1,30817,RURAL
FITZROY,17203,1961,1,17203,URBAN
FLEMINGTON,18471,1961,1,18471,URBAN
FOREST HILL,37492,2002,1,37492,URBAN
GEELONG,21758,1961,1,21758,METRO
FOREST HILL,36669,2006,1,36669,URBAN
GIPPSLAND EAST,21537,1961,1,21537,RURAL
GIPPSLAND SOUTH,23424,1961,1,23424,RURAL
GIPPSLAND WEST,22382,1961,1,22382,RURAL
FOREST HILL,36414,2010,1,36414,URBAN
HAMPDEN,20975,1961,1,20975,RURAL
HAWTHORN,18722,1961,1,18722,URBAN
FOREST HILL,40991,2014,1,40991,URBAN
KARA KARA,19521,1961,1,19521,RURAL
FOREST HILL,39083,2018,1,39083,URBAN
LOWAN,20793,1961,1,20793,RURAL
FRANKSTON,29381,1967,1,29381,URBAN
MELBOURNE,15758,1961,1,15758,URBAN
FRANKSTON,36809,1970,1,36809,URBAN
FRANKSTON,48210,1973,1,48210,URBAN
FRANKSTON,30198,1976,1,30198,URBAN
FRANKSTON,32904,1979,1,32904,URBAN
FRANKSTON,35899,1982,1,35899,URBAN
MORNINGTON,28189,1961,1,28189,RURAL
FRANKSTON,31766,1992,1,31766,URBAN
FRANKSTON,32410,1996,1,32410,URBAN
FRANKSTON,33431,1999,1,33431,URBAN
FRANKSTON,36523,2002,1,36523,URBAN
FRANKSTON,35465,2006,1,35465,URBAN
FRANKSTON,36328,2010,1,36328,URBAN
POLWARTH,24794,1961,1,24794,RURAL
FRANKSTON,41747,2014,1,41747,URBAN
PRAHRAN,18295,1961,1,18295,URBAN
FRANKSTON,44458,2018,1,44458,URBAN
FRANKSTON EAST,29060,1992,1,29060,URBAN
RICHMOND,17634,1961,1,17634,URBAN
FRANKSTON EAST,28976,1996,1,28976,URBAN
FRANKSTON EAST,28877,1999,1,28877,URBAN
RODNEY,22401,1961,1,22401,RURAL
ST KILDA,18580,1961,1,18580,URBAN
FRANKSTON NORTH,29857,1985,1,29857,URBAN
FRANKSTON NORTH,31358,1988,1,31358,URBAN
FRANKSTON SOUTH,29492,1985,1,29492,URBAN
TOORAK,18757,1961,1,18757,URBAN
WILLIAMSTOWN,19193,1961,1,19193,URBAN
FRANKSTON SOUTH,31440,1988,1,31440,URBAN
ALBERT PARK,16223,1964,1,16223,URBAN
GEELONG EAST,24837,1976,1,24837,URBAN
GEELONG EAST,26575,1979,1,26575,URBAN
GEELONG EAST,27859,1982,1,27859,URBAN
BENALLA,21091,1964,1,21091,RURAL
BENAMBRA,23895,1964,1,23895,RURAL
GEELONG NORTH,23582,1967,1,23582,URBAN
GEELONG NORTH,25206,1970,1,25206,URBAN
BRIGHTON,21133,1964,1,21133,URBAN
GEELONG NORTH,28721,1973,1,28721,URBAN
GEELONG NORTH,25121,1976,1,25121,URBAN
GEELONG NORTH,28355,1979,1,28355,URBAN
GEELONG NORTH,30338,1982,1,30338,URBAN
GEELONG NORTH,29236,1985,1,29236,URBAN
GEELONG NORTH,30853,1988,1,30853,URBAN
GEELONG NORTH,32908,1992,1,32908,URBAN
DANDENONG,45070,1964,1,45070,RURAL
DUNDAS,21644,1964,1,21644,RURAL
GEELONG NORTH,33570,1996,1,33570,URBAN
ESSENDON,25421,1964,1,25421,URBAN
EVELYN,35240,1964,1,35240,RURAL
FITZROY,16093,1964,1,16093,URBAN
FLEMINGTON,18402,1964,1,18402,URBAN
GEELONG NORTH,34379,1999,1,34379,URBAN
GEELONG,22523,1964,1,22523,METRO
GEELONG WEST,23701,1955,1,23701,URBAN
GIPPSLAND EAST,21857,1964,1,21857,RURAL
GIPPSLAND SOUTH,24775,1964,1,24775,RURAL
GIPPSLAND WEST,22861,1964,1,22861,RURAL
GEELONG WEST,23172,1958,1,23172,URBAN
HAMPDEN,21137,1964,1,21137,RURAL
HAWTHORN,18558,1964,1,18558,URBAN
GEELONG WEST,25869,1961,1,25869,URBAN
KARA KARA,19409,1964,1,19409,RURAL
GEELONG WEST,28186,1964,1,28186,URBAN
LOWAN,21134,1964,1,21134,RURAL
GEELONG WEST,25584,1976,1,25584,URBAN
MELBOURNE,14228,1964,1,14228,URBAN
GEELONG WEST,25968,1979,1,25968,URBAN
GEELONG WEST,25794,1982,1,25794,URBAN
GEMBROOK,34586,2002,1,34586,URBAN
GEMBROOK,38722,2006,1,38722,URBAN
GEMBROOK,43410,2010,1,43410,URBAN
MORNINGTON,33536,1964,1,33536,RURAL
GEMBROOK,42239,2014,1,42239,URBAN
GEMBROOK,51069,2018,1,51069,URBAN
GIPPSLAND CENTRAL,2761,1894,1,2761,RURAL
GIPPSLAND CENTRAL,2907,1897,1,2907,RURAL
GIPPSLAND CENTRAL,3284,1900,1,3284,RURAL
GIPPSLAND CENTRAL,3194,1902,1,3194,RURAL
POLWARTH,26603,1964,1,26603,RURAL
GISBORNE,19902,1967,1,19902,URBAN
PRAHRAN,18283,1964,1,18283,URBAN
GISBORNE,24174,1970,1,24174,URBAN
GISBORNE,34656,1973,1,34656,URBAN
RICHMOND,16164,1964,1,16164,URBAN
GISBORNE,27076,1976,1,27076,URBAN
GISBORNE,32026,1979,1,32026,URBAN
RODNEY,23352,1964,1,23352,RURAL
ST KILDA,18561,1964,1,18561,URBAN
GISBORNE,36125,1982,1,36125,URBAN
GISBORNE,30619,1985,1,30619,URBAN
GISBORNE,33163,1988,1,33163,URBAN
TOORAK,18921,1964,1,18921,URBAN
WILLIAMSTOWN,18504,1964,1,18504,URBAN
GISBORNE,31646,1992,1,31646,URBAN
ALBERT PARK,24061,1967,1,24061,URBAN
GISBORNE,33807,1996,1,33807,URBAN
GISBORNE,36390,1999,1,36390,URBAN
GLEN IRIS,23592,1945,1,23592,URBAN
GLEN IRIS,25022,1947,1,25022,URBAN
BENALLA,17939,1967,1,17939,RURAL
BENAMBRA,18579,1967,1,18579,RURAL
GLEN IRIS,26441,1950,1,26441,URBAN
GLEN IRIS,28965,1952,1,28965,URBAN
GLEN IRIS,25129,1967,1,25129,URBAN
GLEN IRIS,24992,1970,1,24992,URBAN
BRIGHTON,24998,1967,1,24998,URBAN
GLEN IRIS,26543,1973,1,26543,URBAN
GLEN WAVERLEY,29478,1985,1,29478,URBAN
GLEN WAVERLEY,31452,1988,1,31452,URBAN
GLEN WAVERLEY,31839,1992,1,31839,URBAN
GLEN WAVERLEY,31883,1996,1,31883,URBAN
GLEN WAVERLEY,31984,1999,1,31984,URBAN
DANDENONG,26701,1967,1,26701,RURAL
GLENHUNTLY,26067,1967,1,26067,URBAN
GLENHUNTLY,27796,1970,1,27796,URBAN
DUNDAS,18449,1967,1,18449,RURAL
ESSENDON,25508,1967,1,25508,URBAN
EVELYN,19763,1967,1,19763,RURAL
GLENHUNTLY,29421,1973,1,29421,URBAN
GLENHUNTLY,28395,1976,1,28395,URBAN
GEELONG,22503,1967,1,22503,METRO
GLENHUNTLY,26622,1979,1,26622,URBAN
GIPPSLAND EAST,18687,1967,1,18687,RURAL
GIPPSLAND SOUTH,18788,1967,1,18788,RURAL
GIPPSLAND WEST,18076,1967,1,18076,RURAL
GLENHUNTLY,26807,1982,1,26807,URBAN
GLENROY,27798,1976,1,27798,URBAN
GLENROY,27615,1979,1,27615,URBAN
GLENROY,28040,1982,1,28040,URBAN
HAMPDEN,18078,1967,1,18078,RURAL
HAWTHORN,24932,1967,1,24932,URBAN
GOULBURN,12646,1945,1,12646,RURAL
GOULBURN,13401,1947,1,13401,RURAL
KARA KARA,17343,1967,1,17343,RURAL
GOULBURN,13779,1950,1,13779,RURAL
LOWAN,18770,1967,1,18770,RURAL
GOULBURN,14640,1952,1,14640,RURAL
MELBOURNE,25897,1967,1,25897,URBAN
GRANT,2549,1894,1,2549,RURAL
GRANT,2347,1897,1,2347,RURAL
GRANT,2424,1900,1,2424,RURAL
GRANT,2447,1902,1,2447,RURAL
GRANT,9172,1927,1,9172,RURAL
GRANT,9700,1929,1,9700,RURAL
GRANT,9825,1932,1,9825,RURAL
GRANT,10206,1935,1,10206,RURAL
GRANT,10482,1937,1,10482,RURAL
GRANT,10585,1940,1,10585,RURAL
GRANT,11708,1943,1,11708,RURAL
GRANT,14739,1945,1,14739,RURAL
POLWARTH,17764,1967,1,17764,RURAL
GRANT,15122,1947,1,15122,RURAL
PRAHRAN,26053,1967,1,26053,URBAN
GRANT,16242,1950,1,16242,RURAL
GRANT,19336,1952,1,19336,RURAL
RICHMOND,23610,1967,1,23610,URBAN
GRANT,29872,1955,1,29872,RURAL
RODNEY,18662,1967,1,18662,RURAL
ST KILDA,26927,1967,1,26927,URBAN
GRANT,29527,1958,1,29527,RURAL
GRANT,36649,1961,1,36649,RURAL
GRANT,46160,1964,1,46160,RURAL
GREENSBOROUGH,29152,1967,1,29152,URBAN
GREENSBOROUGH,36330,1970,1,36330,URBAN
GREENSBOROUGH,47475,1973,1,47475,URBAN
WARRNAMBOOL,18674,1967,1,18674,RURAL
WILLIAMSTOWN,26582,1967,1,26582,URBAN
ALBERT PARK,22740,1970,1,22740,URBAN
GREENSBOROUGH,30397,1976,1,30397,URBAN
GREENSBOROUGH,34703,1979,1,34703,URBAN
GREENSBOROUGH,39109,1982,1,39109,URBAN
GREENSBOROUGH,28966,1985,1,28966,URBAN
BENALLA,18504,1970,1,18504,RURAL
BENAMBRA,19016,1970,1,19016,RURAL
GREENSBOROUGH,32618,1988,1,32618,URBAN
HASTINGS,37635,2002,1,37635,URBAN
HASTINGS,39913,2006,1,39913,URBAN
HASTINGS,45194,2010,1,45194,URBAN
BRIGHTON,24721,1970,1,24721,URBAN
HASTINGS,47150,2014,1,47150,URBAN
HASTINGS,51388,2018,1,51388,URBAN
HEATHERTON,26832,1967,1,26832,URBAN
HEATHERTON,32629,1970,1,32629,URBAN
HEATHERTON,41119,1973,1,41119,URBAN
HEATHERTON,29008,1976,1,29008,URBAN
DANDENONG,32802,1970,1,32802,RURAL
HEATHERTON,30909,1979,1,30909,URBAN
HEATHERTON,32746,1982,1,32746,URBAN
DUNDAS,18433,1970,1,18433,RURAL
ESSENDON,26398,1970,1,26398,URBAN
EVELYN,21211,1970,1,21211,RURAL
HEIDELBERG,21954,1927,1,21954,URBAN
HEIDELBERG,25525,1929,1,25525,URBAN
GEELONG,23051,1970,1,23051,METRO
HEIDELBERG,27059,1932,1,27059,URBAN
GIPPSLAND EAST,19368,1970,1,19368,RURAL
GIPPSLAND SOUTH,19770,1970,1,19770,RURAL
GIPPSLAND WEST,18666,1970,1,18666,RURAL
HEIDELBERG,27962,1935,1,27962,URBAN
HEIDELBERG,29703,1937,1,29703,URBAN
HEIDELBERG,32065,1940,1,32065,URBAN
HEIDELBERG,37373,1943,1,37373,URBAN
HAMPDEN,17990,1970,1,17990,RURAL
HAWTHORN,24964,1970,1,24964,URBAN
HORSHAM,2012,1894,1,2012,RURAL
HORSHAM,1906,1897,1,1906,RURAL
KARA KARA,16875,1970,1,16875,RURAL
HORSHAM,2056,1900,1,2056,RURAL
LOWAN,18553,1970,1,18553,RURAL
HORSHAM,1944,1902,1,1944,RURAL
MELBOURNE,24656,1970,1,24656,URBAN
IVANHOE,23367,1945,1,23367,URBAN
IVANHOE,26359,1947,1,26359,URBAN
IVANHOE,30895,1950,1,30895,URBAN
IVANHOE,36145,1952,1,36145,URBAN
IVANHOE,19284,1955,1,19284,URBAN
IVANHOE,23649,1958,1,23649,URBAN
IVANHOE,23626,1961,1,23626,URBAN
IVANHOE,23700,1964,1,23700,URBAN
IVANHOE,25912,1967,1,25912,URBAN
IVANHOE,26654,1970,1,26654,URBAN
IVANHOE,28776,1973,1,28776,URBAN
IVANHOE,30856,1976,1,30856,URBAN
POLWARTH,18320,1970,1,18320,RURAL
IVANHOE,30459,1979,1,30459,URBAN
PRAHRAN,25827,1970,1,25827,URBAN
IVANHOE,30849,1982,1,30849,URBAN
IVANHOE,31067,1985,1,31067,URBAN
RICHMOND,21339,1970,1,21339,URBAN
IVANHOE,30622,1988,1,30622,URBAN
RODNEY,19245,1970,1,19245,RURAL
ST KILDA,25768,1970,1,25768,URBAN
IVANHOE,32763,1992,1,32763,URBAN
IVANHOE,32883,1996,1,32883,URBAN
IVANHOE,33205,1999,1,33205,URBAN
IVANHOE,37277,2002,1,37277,URBAN
IVANHOE,37162,2006,1,37162,URBAN
IVANHOE,38781,2010,1,38781,URBAN
WARRNAMBOOL,19091,1970,1,19091,RURAL
WILLIAMSTOWN,28171,1970,1,28171,URBAN
ALBERT PARK,22662,1973,1,22662,URBAN
IVANHOE,44336,2014,1,44336,URBAN
IVANHOE,46777,2018,1,46777,URBAN
KARA KARA AND BORUNG,10535,1927,1,10535,RURAL
KARA KARA AND BORUNG,10916,1929,1,10916,RURAL
BENALLA,19885,1973,1,19885,RURAL
BENAMBRA,20866,1973,1,20866,RURAL
KARA KARA AND BORUNG,10502,1932,1,10502,RURAL
KARA KARA AND BORUNG,11130,1935,1,11130,RURAL
KARA KARA AND BORUNG,11057,1937,1,11057,RURAL
KARA KARA AND BORUNG,10788,1940,1,10788,RURAL
BRIGHTON,25865,1973,1,25865,URBAN
KARA KARA AND BORUNG,9620,1943,1,9620,RURAL
KEILOR,28973,1976,1,28973,URBAN
KEILOR,35783,1979,1,35783,URBAN
KEILOR,43346,1982,1,43346,URBAN
KEILOR,29671,1985,1,29671,URBAN
KEILOR,36950,1988,1,36950,URBAN
DANDENONG,43253,1973,1,43253,RURAL
KEILOR,33939,1992,1,33939,URBAN
KEILOR,38163,1996,1,38163,URBAN
DUNDAS,19231,1973,1,19231,RURAL
ESSENDON,29556,1973,1,29556,URBAN
EVELYN,25863,1973,1,25863,RURAL
KEILOR,42091,1999,1,42091,URBAN
KEILOR,37980,2002,1,37980,URBAN
GEELONG,25651,1973,1,25651,METRO
KEILOR,46060,2006,1,46060,URBAN
GIPPSLAND EAST,21039,1973,1,21039,RURAL
GIPPSLAND SOUTH,22106,1973,1,22106,RURAL
GIPPSLAND WEST,20882,1973,1,20882,RURAL
KEILOR,52853,2010,1,52853,URBAN
KEW,21610,1927,1,21610,URBAN
KEW,23742,1929,1,23742,URBAN
KEW,24942,1932,1,24942,URBAN
HAMPDEN,18886,1973,1,18886,RURAL
HAWTHORN,27479,1973,1,27479,URBAN
KEW,25694,1935,1,25694,URBAN
KEW,27563,1937,1,27563,URBAN
KARA KARA,17649,1973,1,17649,RURAL
KEW,29679,1940,1,29679,URBAN
LOWAN,19483,1973,1,19483,RURAL
KEW,34589,1943,1,34589,URBAN
MELBOURNE,26740,1973,1,26740,URBAN
KEW,25253,1945,1,25253,URBAN
KEW,26020,1947,1,26020,URBAN
KEW,24112,1950,1,24112,URBAN
KEW,22713,1952,1,22713,URBAN
KEW,22068,1955,1,22068,URBAN
KEW,21858,1958,1,21858,URBAN
KEW,21462,1961,1,21462,URBAN
KEW,21403,1964,1,21403,URBAN
KEW,25630,1967,1,25630,URBAN
KEW,25807,1970,1,25807,URBAN
KEW,27988,1973,1,27988,URBAN
KEW,29690,1976,1,29690,URBAN
POLWARTH,19961,1973,1,19961,RURAL
KEW,29065,1979,1,29065,URBAN
PRAHRAN,27715,1973,1,27715,URBAN
KEW,27839,1982,1,27839,URBAN
KEW,30535,1985,1,30535,URBAN
RICHMOND,21865,1973,1,21865,URBAN
KEW,29541,1988,1,29541,URBAN
RODNEY,21133,1973,1,21133,RURAL
ST KILDA,27629,1973,1,27629,URBAN
KEW,33080,1992,1,33080,URBAN
KEW,34235,1996,1,34235,URBAN
KEW,35644,1999,1,35644,URBAN
KEW,35456,2002,1,35456,URBAN
KEW,36049,2006,1,36049,URBAN
KEW,36904,2010,1,36904,URBAN
WARRNAMBOOL,21228,1973,1,21228,RURAL
WILLIAMSTOWN,31041,1973,1,31041,URBAN
ALBERT PARK,31647,1976,1,31647,URBAN
KEW,43898,2014,1,43898,URBAN
KEW,44262,2018,1,44262,URBAN
KEYSBOROUGH,42831,2014,1,42831,URBAN
KEYSBOROUGH,45327,2018,1,45327,URBAN
BENALLA,24971,1976,1,24971,RURAL
BENAMBRA,25923,1976,1,25923,RURAL
"KILMORE, DALHOUSIE AND LANCEFIELD",1976,1894,1,1976,RURAL
"KILMORE, DALHOUSIE AND LANCEFIELD",2127,1897,1,2127,RURAL
"KILMORE, DALHOUSIE AND LANCEFIELD",2176,1900,1,2176,RURAL
"KILMORE, DALHOUSIE AND LANCEFIELD",2374,1902,1,2374,RURAL
KILSYTH,37783,2002,1,37783,URBAN
BRIGHTON,28455,1976,1,28455,URBAN
KILSYTH,38358,2006,1,38358,URBAN
BRUNSWICK,29483,1976,1,29483,URBAN
KILSYTH,40627,2010,1,40627,URBAN
KNOX,29360,1976,1,29360,URBAN
KNOX,31114,1979,1,31114,URBAN
KNOX,33774,1982,1,33774,URBAN
KNOX,27865,1985,1,27865,URBAN
DANDENONG,31367,1976,1,31367,RURAL
KNOX,29454,1988,1,29454,URBAN
KNOX,32710,1992,1,32710,URBAN
ESSENDON,28867,1976,1,28867,URBAN
EVELYN,28032,1976,1,28032,RURAL
KNOX,35772,1996,1,35772,URBAN
KNOX,39768,1999,1,39768,URBAN
KORONG AND EAGLEHAWK,10776,1927,1,10776,METRO
KORONG AND EAGLEHAWK,10820,1929,1,10820,METRO
KORONG AND EAGLEHAWK,11102,1932,1,11102,METRO
KORONG AND EAGLEHAWK,11754,1935,1,11754,METRO
GIPPSLAND EAST,25254,1976,1,25254,RURAL
GIPPSLAND SOUTH,25408,1976,1,25408,RURAL
KORONG AND EAGLEHAWK,11622,1937,1,11622,METRO
KORONG AND EAGLEHAWK,11102,1940,1,11102,METRO
KORONG AND EAGLEHAWK,10124,1943,1,10124,METRO
KOROROIT,35235,2002,1,35235,URBAN
HAWTHORN,28122,1976,1,28122,URBAN
KOROROIT,38186,2006,1,38186,URBAN
KOROROIT,42497,2010,1,42497,URBAN
KOROROIT,46173,2014,1,46173,URBAN
KOROROIT,51161,2018,1,51161,URBAN
KYNETON,1759,1894,1,1759,RURAL
LOWAN,24722,1976,1,24722,RURAL
KYNETON,2154,1897,1,2154,RURAL
MELBOURNE,29247,1976,1,29247,URBAN
KYNETON,2479,1900,1,2479,RURAL
KYNETON,2736,1902,1,2736,RURAL
LARA,38724,2002,1,38724,URBAN
LARA,40485,2006,1,40485,URBAN
LARA,44088,2010,1,44088,URBAN
LARA,43000,2014,1,43000,URBAN
LARA,47026,2018,1,47026,URBAN
ABBOTSFORD,4462,1908,1,4462,URBAN
LYNDHURST,34760,2002,1,34760,RURAL
LYNDHURST,36605,2006,1,36605,RURAL
LYNDHURST,41578,2010,1,41578,RURAL
MACEDON,39152,2002,1,39152,RURAL
POLWARTH,25017,1976,1,25017,RURAL
MACEDON,42700,2006,1,42700,RURAL
PRAHRAN,29495,1976,1,29495,URBAN
MACEDON,47847,2010,1,47847,RURAL
MACEDON,41580,2014,1,41580,RURAL
RICHMOND,30771,1976,1,30771,URBAN
MACEDON,45491,2018,1,45491,RURAL
MALDON,1580,1894,1,1580,RURAL
RODNEY,25308,1976,1,25308,RURAL
ST KILDA,30653,1976,1,30653,URBAN
MALDON,1781,1897,1,1781,RURAL
MALDON,2004,1900,1,2004,RURAL
MALDON,2006,1902,1,2006,RURAL
MALVERN,24069,1945,1,24069,URBAN
MALVERN,24008,1947,1,24008,URBAN
MALVERN,22575,1950,1,22575,URBAN
MALVERN,21615,1952,1,21615,URBAN
MALVERN,18685,1955,1,18685,URBAN
MALVERN,20074,1958,1,20074,URBAN
WARRNAMBOOL,25119,1976,1,25119,RURAL
MALVERN,19098,1961,1,19098,URBAN
MALVERN,18966,1964,1,18966,URBAN
WILLIAMSTOWN,29439,1976,1,29439,URBAN
ALBERT PARK,27902,1979,1,27902,URBAN
MALVERN,26037,1967,1,26037,URBAN
MALVERN,25836,1970,1,25836,URBAN
MALVERN,27707,1973,1,27707,URBAN
MALVERN,29564,1976,1,29564,URBAN
BENALLA,25869,1979,1,25869,RURAL
BENAMBRA,28168,1979,1,28168,RURAL
MALVERN,28751,1979,1,28751,URBAN
MALVERN,27155,1982,1,27155,URBAN
MALVERN,29949,1985,1,29949,URBAN
MALVERN,28614,1988,1,28614,URBAN
MALVERN,33783,1992,1,33783,URBAN
BRIGHTON,27271,1979,1,27271,URBAN
MALVERN,34849,1996,1,34849,URBAN
BRUNSWICK,28666,1979,1,28666,URBAN
MALVERN,35940,1999,1,35940,URBAN
MALVERN,36655,2002,1,36655,URBAN
MALVERN,37452,2006,1,37452,URBAN
MALVERN,37798,2010,1,37798,URBAN
MALVERN,40708,2014,1,40708,URBAN
DANDENONG,35979,1979,1,35979,RURAL
MALVERN,42898,2018,1,42898,URBAN
MANDURANG,1875,1894,1,1875,RURAL
ESSENDON,27594,1979,1,27594,URBAN
EVELYN,32891,1979,1,32891,RURAL
MANDURANG,2025,1897,1,2025,RURAL
MANDURANG,2218,1900,1,2218,RURAL
MANDURANG,2190,1902,1,2190,RURAL
MARYBOROUGH AND DAYLESFORD,10515,1927,1,10515,RURAL
MARYBOROUGH AND DAYLESFORD,10614,1929,1,10614,RURAL
MARYBOROUGH AND DAYLESFORD,10897,1932,1,10897,RURAL
GIPPSLAND EAST,26563,1979,1,26563,RURAL
GIPPSLAND SOUTH,26619,1979,1,26619,RURAL
MARYBOROUGH AND DAYLESFORD,11438,1935,1,11438,RURAL
MARYBOROUGH AND DAYLESFORD,11387,1937,1,11387,RURAL
MARYBOROUGH AND DAYLESFORD,11061,1940,1,11061,RURAL
MARYBOROUGH AND DAYLESFORD,10694,1943,1,10694,RURAL
HAWTHORN,27060,1979,1,27060,URBAN
MELBOURNE EAST,4068,1894,2,2034,URBAN
MELBOURNE EAST,4322,1897,2,2161,URBAN
MELBOURNE EAST,4825,1900,2,2412.5,URBAN
MELBOURNE EAST,5395,1902,2,2697.5,URBAN
HAWTHORN,22139,1929,1,22139,URBAN
LOWAN,25261,1979,1,25261,RURAL
MELBOURNE NORTH,2966,1894,1,2966,URBAN
MELBOURNE,25415,1979,1,25415,URBAN
MELBOURNE NORTH,2938,1897,1,2938,URBAN
MELBOURNE NORTH,3773,1900,1,3773,URBAN
MELBOURNE NORTH,3525,1902,1,3525,URBAN
MELBOURNE SOUTH,2405,1894,1,2405,URBAN
MELBOURNE SOUTH,2469,1897,1,2469,URBAN
MELBOURNE SOUTH,2742,1900,1,2742,URBAN
MELBOURNE SOUTH,2709,1902,1,2709,URBAN
MELBOURNE WEST,2259,1894,1,2259,URBAN
MELBOURNE WEST,2324,1897,1,2324,URBAN
MELBOURNE WEST,2955,1900,1,2955,URBAN
MELBOURNE WEST,2441,1902,1,2441,URBAN
MELTON,31563,1992,1,31563,URBAN
POLWARTH,25168,1979,1,25168,RURAL
MELTON,37746,1996,1,37746,URBAN
PRAHRAN,26766,1979,1,26766,URBAN
MELTON,44047,1999,1,44047,URBAN
MELTON,35458,2002,1,35458,URBAN
RICHMOND,28908,1979,1,28908,URBAN
MELTON,38693,2006,1,38693,URBAN
MELTON,43639,2010,1,43639,URBAN
RODNEY,26107,1979,1,26107,RURAL
ST KILDA,27012,1979,1,27012,URBAN
MELTON,44915,2014,1,44915,URBAN
MELTON,53306,2018,1,53306,URBAN
MENTONE,24667,1945,1,24667,URBAN
MENTONE,28347,1947,1,28347,URBAN
MENTONE,31207,1950,1,31207,URBAN
MENTONE,36049,1952,1,36049,URBAN
MENTONE,25716,1955,1,25716,URBAN
MENTONE,23641,1958,1,23641,URBAN
MENTONE,26167,1961,1,26167,URBAN
WARRNAMBOOL,25749,1979,1,25749,RURAL
MENTONE,28065,1964,1,28065,URBAN
MENTONE,25088,1967,1,25088,URBAN
WILLIAMSTOWN,29523,1979,1,29523,URBAN
ALBERT PARK,27705,1982,1,27705,URBAN
MENTONE,26925,1970,1,26925,URBAN
MENTONE,30301,1973,1,30301,URBAN
MENTONE,29150,1976,1,29150,URBAN
MENTONE,28873,1979,1,28873,URBAN
BENALLA,26711,1982,1,26711,RURAL
BENAMBRA,30162,1982,1,30162,RURAL
MENTONE,28581,1982,1,28581,URBAN
MENTONE,30373,1985,1,30373,URBAN
MENTONE,29593,1988,1,29593,URBAN
MERNDA,13697,1945,1,13697,URBAN
MERNDA,14844,1947,1,14844,URBAN
BRIGHTON,25960,1982,1,25960,URBAN
MERNDA,16397,1950,1,16397,URBAN
BRUNSWICK,29039,1982,1,29039,URBAN
MERNDA,18751,1952,1,18751,URBAN
MIDLANDS,14167,1945,1,14167,RURAL
MIDLANDS,14717,1947,1,14717,RURAL
MIDLANDS,14919,1950,1,14919,RURAL
MIDLANDS,15220,1952,1,15220,RURAL
DANDENONG,39611,1982,1,39611,RURAL
MIDLANDS,22327,1955,1,22327,RURAL
MIDLANDS,22512,1958,1,22512,RURAL
ESSENDON,27164,1982,1,27164,URBAN
EVELYN,37613,1982,1,37613,RURAL
MIDLANDS,23306,1961,1,23306,RURAL
MIDLANDS,23894,1964,1,23894,RURAL
MIDLANDS,23038,1967,1,23038,RURAL
MIDLANDS,23127,1970,1,23127,RURAL
MIDLANDS,26671,1973,1,26671,RURAL
MIDLANDS,24768,1976,1,24768,RURAL
GIPPSLAND EAST,28280,1982,1,28280,RURAL
GIPPSLAND SOUTH,27920,1982,1,27920,RURAL
MIDLANDS,26532,1979,1,26532,RURAL
MIDLANDS,28423,1982,1,28423,RURAL
MILDURA,9066,1927,1,9066,RURAL
MILDURA,10602,1929,1,10602,RURAL
HAWTHORN,25864,1982,1,25864,URBAN
MILDURA,10966,1932,1,10966,RURAL
MILDURA,12946,1935,1,12946,RURAL
MILDURA,13152,1937,1,13152,RURAL
MILDURA,13034,1940,1,13034,RURAL
MILDURA,13187,1943,1,13187,RURAL
LOWAN,25570,1982,1,25570,RURAL
MILDURA,13087,1945,1,13087,RURAL
MELBOURNE,23657,1982,1,23657,URBAN
MILDURA,14398,1947,1,14398,RURAL
MILDURA,14197,1950,1,14197,RURAL
MILDURA,14224,1952,1,14224,RURAL
MILDURA,19086,1955,1,19086,RURAL
MILDURA,20254,1958,1,20254,RURAL
MILDURA,20648,1961,1,20648,RURAL
MILDURA,20973,1964,1,20973,RURAL
MILDURA,18161,1967,1,18161,RURAL
MILDURA,18690,1970,1,18690,RURAL
MILDURA,20024,1973,1,20024,RURAL
MILDURA,24449,1976,1,24449,RURAL
MILDURA,25566,1979,1,25566,RURAL
POLWARTH,25595,1982,1,25595,RURAL
MILDURA,26785,1982,1,26785,RURAL
PRAHRAN,25550,1982,1,25550,URBAN
MILDURA,28722,1985,1,28722,RURAL
MILDURA,30691,1988,1,30691,RURAL
RICHMOND,28586,1982,1,28586,URBAN
MILDURA,30948,1992,1,30948,RURAL
MILDURA,32165,1996,1,32165,RURAL
RODNEY,27353,1982,1,27353,RURAL
ST KILDA,26612,1982,1,26612,URBAN
MILDURA,33191,1999,1,33191,RURAL
MILDURA,36098,2002,1,36098,RURAL
MILDURA,36320,2006,1,36320,RURAL
MILDURA,37638,2010,1,37638,RURAL
MILDURA,42452,2014,1,42452,RURAL
MILDURA,44401,2018,1,44401,RURAL
MILL PARK,32275,1992,1,32275,URBAN
MILL PARK,36729,1996,1,36729,URBAN
MILL PARK,41456,1999,1,41456,URBAN
WARRNAMBOOL,26503,1982,1,26503,RURAL
MILL PARK,35926,2002,1,35926,URBAN
MILL PARK,38365,2006,1,38365,URBAN
WILLIAMSTOWN,29627,1982,1,29627,URBAN
ALBERT PARK,29824,1985,1,29824,URBAN
MILL PARK,41032,2010,1,41032,URBAN
MILL PARK,42969,2014,1,42969,URBAN
MILL PARK,46475,2018,1,46475,URBAN
MITCHAM,26570,1967,1,26570,URBAN
BENALLA,30172,1985,1,30172,RURAL
BENAMBRA,29769,1985,1,29769,RURAL
BENDIGO EAST,30133,1985,1,30133,METRO
BENDIGO WEST,31300,1985,1,31300,METRO
MITCHAM,29303,1970,1,29303,URBAN
MITCHAM,33118,1973,1,33118,URBAN
MITCHAM,28231,1976,1,28231,URBAN
MITCHAM,28827,1979,1,28827,URBAN
BRIGHTON,31106,1985,1,31106,URBAN
MITCHAM,29071,1982,1,29071,URBAN
BRUNSWICK,30524,1985,1,30524,URBAN
MITCHAM,30186,1985,1,30186,URBAN
MITCHAM,29584,1988,1,29584,URBAN
MITCHAM,33108,1992,1,33108,URBAN
MITCHAM,33861,1996,1,33861,URBAN
MITCHAM,34479,1999,1,34479,URBAN
MITCHAM,36672,2002,1,36672,URBAN
MITCHAM,36374,2006,1,36374,URBAN
DANDENONG,29569,1985,1,29569,RURAL
MITCHAM,37054,2010,1,37054,URBAN
MONBULK,25174,1967,1,25174,URBAN
MONBULK,29096,1970,1,29096,URBAN
MONBULK,37569,1973,1,37569,URBAN
MONBULK,27602,1976,1,27602,URBAN
ESSENDON,30790,1985,1,30790,URBAN
EVELYN,30350,1985,1,30350,RURAL
MONBULK,30262,1979,1,30262,URBAN
MONBULK,32748,1982,1,32748,URBAN
MONBULK,29273,1985,1,29273,URBAN
MONBULK,30721,1988,1,30721,URBAN
GEELONG,31388,1985,1,31388,METRO
MONBULK,30993,1992,1,30993,URBAN
GIPPSLAND EAST,28866,1985,1,28866,RURAL
GIPPSLAND SOUTH,30317,1985,1,30317,RURAL
GIPPSLAND WEST,31729,1985,1,31729,RURAL
MONBULK,32217,1996,1,32217,URBAN
MONBULK,33627,1999,1,33627,URBAN
MONBULK,36119,2002,1,36119,URBAN
HAWTHORN,31754,1985,1,31754,URBAN
MONBULK,36262,2006,1,36262,URBAN
MONBULK,37887,2010,1,37887,URBAN
MONBULK,41906,2014,1,41906,URBAN
MONBULK,43324,2018,1,43324,URBAN
LOWAN,28629,1985,1,28629,RURAL
MOONEE PONDS,26295,1945,1,26295,URBAN
MELBOURNE,30396,1985,1,30396,URBAN
MOONEE PONDS,27141,1947,1,27141,URBAN
MOONEE PONDS,26569,1950,1,26569,URBAN
MOONEE PONDS,26177,1952,1,26177,URBAN
MOONEE PONDS,22024,1955,1,22024,URBAN
MORNINGTON,30629,1985,1,30629,RURAL
MOONEE PONDS,20777,1958,1,20777,URBAN
MOONEE PONDS,20225,1961,1,20225,URBAN
MOONEE PONDS,19976,1964,1,19976,URBAN
MOONEE PONDS,26189,1967,1,26189,URBAN
MOONEE PONDS,25266,1970,1,25266,URBAN
MOONEE PONDS,26505,1973,1,26505,URBAN
MOORABBIN,31795,1955,1,31795,URBAN
POLWARTH,30277,1985,1,30277,RURAL
MOORABBIN,26199,1958,1,26199,URBAN
PRAHRAN,31815,1985,1,31815,URBAN
MOORABBIN,30799,1961,1,30799,URBAN
MOORABBIN,33974,1964,1,33974,URBAN
RICHMOND,31068,1985,1,31068,URBAN
MOORABBIN,26147,1967,1,26147,URBAN
MOORABBIN,27405,1970,1,27405,URBAN
RODNEY,30261,1985,1,30261,RURAL
MOORABBIN,30410,1973,1,30410,URBAN
ST KILDA,30828,1985,1,30828,URBAN
MOOROOLBARK,31401,1992,1,31401,URBAN
MOOROOLBARK,32693,1996,1,32693,URBAN
MOOROOLBARK,34835,1999,1,34835,URBAN
MORDIALLOC,31791,1992,1,31791,URBAN
MORDIALLOC,32249,1996,1,32249,URBAN
MORDIALLOC,32829,1999,1,32829,URBAN
MORDIALLOC,37617,2002,1,37617,URBAN
MORDIALLOC,39249,2006,1,39249,URBAN
MORDIALLOC,41690,2010,1,41690,URBAN
MORDIALLOC,43607,2014,1,43607,URBAN
WARRNAMBOOL,29390,1985,1,29390,RURAL
MORDIALLOC,46041,2018,1,46041,URBAN
MORWELL,20981,1955,1,20981,METRO
WILLIAMSTOWN,30811,1985,1,30811,URBAN
ALBERT PARK,28551,1988,1,28551,URBAN
MORWELL,21132,1958,1,21132,METRO
MORWELL,22946,1961,1,22946,METRO
MORWELL,24713,1964,1,24713,METRO
MORWELL,22627,1967,1,22627,METRO
BENALLA,31248,1988,1,31248,RURAL
BENAMBRA,32735,1988,1,32735,RURAL
BENDIGO EAST,32269,1988,1,32269,METRO
BENDIGO WEST,33668,1988,1,33668,METRO
MORWELL,24058,1970,1,24058,METRO
MORWELL,26145,1973,1,26145,METRO
MORWELL,25874,1976,1,25874,METRO
MORWELL,26878,1979,1,26878,METRO
BRIGHTON,30085,1988,1,30085,URBAN
MORWELL,28658,1982,1,28658,METRO
BRUNSWICK,29834,1988,1,29834,URBAN
MORWELL,29979,1985,1,29979,METRO
MORWELL,30494,1988,1,30494,METRO
MORWELL,33493,1992,1,33493,METRO
MORWELL,33541,1996,1,33541,METRO
MORWELL,33737,1999,1,33737,METRO
MORWELL,36042,2002,1,36042,METRO
MORWELL,36667,2006,1,36667,METRO
DANDENONG,28772,1988,1,28772,RURAL
MORWELL,38648,2010,1,38648,METRO
MORWELL,45409,2014,1,45409,METRO
MORWELL,48406,2018,1,48406,METRO
MOUNT WAVERLEY,36752,2002,1,36752,URBAN
MOUNT WAVERLEY,36604,2006,1,36604,URBAN
ESSENDON,29191,1988,1,29191,URBAN
EVELYN,34139,1988,1,34139,RURAL
MOUNT WAVERLEY,36917,2010,1,36917,URBAN
MOUNT WAVERLEY,39993,2014,1,39993,URBAN
MOUNT WAVERLEY,38937,2018,1,38937,URBAN
MULGRAVE,31861,1958,1,31861,URBAN
GEELONG,29765,1988,1,29765,METRO
MULGRAVE,46023,1961,1,46023,URBAN
GIPPSLAND EAST,31081,1988,1,31081,RURAL
GIPPSLAND SOUTH,31835,1988,1,31835,RURAL
GIPPSLAND WEST,34638,1988,1,34638,RURAL
MULGRAVE,58067,1964,1,58067,URBAN
MULGRAVE,34337,2002,1,34337,URBAN
MULGRAVE,33982,2006,1,33982,URBAN
HAWTHORN,30309,1988,1,30309,URBAN
MULGRAVE,34995,2010,1,34995,URBAN
MULGRAVE,40682,2014,1,40682,URBAN
MULGRAVE,40588,2018,1,40588,URBAN
MURRAY PLAINS,45327,2014,1,45327,RURAL
LOWAN,28673,1988,1,28673,RURAL
MURRAY PLAINS,46924,2018,1,46924,RURAL
MELBOURNE,28299,1988,1,28299,URBAN
MURRAY VALLEY,13551,1945,1,13551,RURAL
MURRAY VALLEY,14226,1947,1,14226,RURAL
MURRAY VALLEY,15343,1950,1,15343,RURAL
MURRAY VALLEY,16461,1952,1,16461,RURAL
MORNINGTON,36614,1988,1,36614,RURAL
MURRAY VALLEY,21066,1955,1,21066,RURAL
MURRAY VALLEY,21889,1958,1,21889,RURAL
MURRAY VALLEY,23051,1961,1,23051,RURAL
MURRAY VALLEY,24526,1964,1,24526,RURAL
MURRAY VALLEY,18847,1967,1,18847,RURAL
MURRAY VALLEY,19498,1970,1,19498,RURAL
MURRAY VALLEY,21834,1973,1,21834,RURAL
POLWARTH,31392,1988,1,31392,RURAL
MURRAY VALLEY,25134,1976,1,25134,RURAL
PRAHRAN,29115,1988,1,29115,URBAN
MURRAY VALLEY,26288,1979,1,26288,RURAL
MURRAY VALLEY,27182,1982,1,27182,RURAL
RICHMOND,30425,1988,1,30425,URBAN
MURRAY VALLEY,30959,1985,1,30959,RURAL
MURRAY VALLEY,32867,1988,1,32867,RURAL
RODNEY,31231,1988,1,31231,RURAL
MURRAY VALLEY,33179,1992,1,33179,RURAL
ST KILDA,28162,1988,1,28162,URBAN
MURRAY VALLEY,34420,1996,1,34420,RURAL
MURRAY VALLEY,34790,1999,1,34790,RURAL
MURRAY VALLEY,35081,2002,1,35081,RURAL
MURRAY VALLEY,36739,2006,1,36739,RURAL
MURRAY VALLEY,38342,2010,1,38342,RURAL
NARRACAN,21955,1967,1,21955,RURAL
NARRACAN,22567,1970,1,22567,RURAL
NARRACAN,24435,1973,1,24435,RURAL
NARRACAN,25543,1976,1,25543,RURAL
NARRACAN,27236,1979,1,27236,RURAL
WARRNAMBOOL,30222,1988,1,30222,RURAL
NARRACAN,29055,1982,1,29055,RURAL
NARRACAN,29436,1985,1,29436,RURAL
WILLIAMSTOWN,31231,1988,1,31231,URBAN
ALBERT PARK,33819,1992,1,33819,URBAN
NARRACAN,30406,1988,1,30406,RURAL
BALLARAT EAST,30192,1992,1,30192,METRO
BALLARAT WEST,30769,1992,1,30769,METRO
NARRACAN,31176,1992,1,31176,RURAL
NARRACAN,31360,1996,1,31360,RURAL
BENALLA,31795,1992,1,31795,RURAL
BENAMBRA,31450,1992,1,31450,RURAL
BENDIGO EAST,30992,1992,1,30992,METRO
BENDIGO WEST,32197,1992,1,32197,METRO
NARRACAN,31688,1999,1,31688,RURAL
NARRACAN,37315,2002,1,37315,RURAL
NARRACAN,38846,2006,1,38846,RURAL
NARRACAN,42337,2010,1,42337,RURAL
BRIGHTON,32769,1992,1,32769,URBAN
NARRACAN,46055,2014,1,46055,RURAL
NARRACAN,52203,2018,1,52203,RURAL
NEPEAN,36176,2002,1,36176,RURAL
NEPEAN,36451,2006,1,36451,RURAL
NEPEAN,39050,2010,1,39050,RURAL
NEPEAN,44669,2014,1,44669,RURAL
NEPEAN,49653,2018,1,49653,RURAL
NIDDRIE,27755,1976,1,27755,URBAN
NIDDRIE,29152,1979,1,29152,URBAN
DANDENONG,33075,1992,1,33075,RURAL
NIDDRIE,30651,1982,1,30651,URBAN
NIDDRIE,29718,1985,1,29718,URBAN
NIDDRIE,30625,1988,1,30625,URBAN
NIDDRIE,32033,1992,1,32033,URBAN
ESSENDON,32819,1992,1,32819,URBAN
EVELYN,32350,1992,1,32350,RURAL
NIDDRIE,32772,1996,1,32772,URBAN
NIDDRIE,33802,1999,1,33802,URBAN
NIDDRIE,36896,2002,1,36896,URBAN
NIDDRIE,36148,2006,1,36148,URBAN
GEELONG,34106,1992,1,34106,METRO
NIDDRIE,36805,2010,1,36805,URBAN
GIPPSLAND EAST,30884,1992,1,30884,RURAL
GIPPSLAND SOUTH,32704,1992,1,32704,RURAL
GIPPSLAND WEST,29502,1992,1,29502,RURAL
NIDDRIE,42548,2014,1,42548,URBAN
NIDDRIE,44716,2018,1,44716,URBAN
HAWTHORN,34657,1992,1,34657,URBAN
NOBLE PARK,30392,1976,1,30392,URBAN
NOBLE PARK,32386,1979,1,32386,URBAN
NOBLE PARK,36298,1982,1,36298,URBAN
NORMANBY,2064,1894,1,2064,RURAL
NORMANBY,1873,1897,1,1873,RURAL
MELBOURNE,33560,1992,1,33560,URBAN
NORMANBY,1985,1900,1,1985,RURAL
NORMANBY,2112,1902,1,2112,URBAN
NORTHCOTE,22405,1927,1,22405,URBAN
NORTHCOTE,22346,1929,1,22346,URBAN
NORTHCOTE,23495,1932,1,23495,URBAN
NORTHCOTE,23686,1935,1,23686,URBAN
NORTHCOTE,24603,1937,1,24603,URBAN
MORNINGTON,30437,1992,1,30437,RURAL
NORTHCOTE,24692,1940,1,24692,URBAN
NORTHCOTE,26623,1943,1,26623,URBAN
NORTHCOTE,24963,1945,1,24963,URBAN
NORTHCOTE,25895,1947,1,25895,URBAN
NORTHCOTE,25355,1950,1,25355,URBAN
NORTHCOTE,24584,1952,1,24584,URBAN
NORTHCOTE,19198,1955,1,19198,URBAN
NORTHCOTE,21723,1958,1,21723,URBAN
POLWARTH,32325,1992,1,32325,RURAL
NORTHCOTE,20171,1961,1,20171,URBAN
PRAHRAN,35113,1992,1,35113,URBAN
NORTHCOTE,19465,1964,1,19465,URBAN
RICHMOND,35127,1992,1,35127,URBAN
NORTHCOTE,24564,1967,1,24564,URBAN
RODNEY,31603,1992,1,31603,RURAL
NORTHCOTE,24180,1970,1,24180,URBAN
NORTHCOTE,25584,1973,1,25584,URBAN
NORTHCOTE,29986,1976,1,29986,URBAN
NORTHCOTE,29338,1979,1,29338,URBAN
NORTHCOTE,29412,1982,1,29412,URBAN
NORTHCOTE,30708,1985,1,30708,URBAN
NORTHCOTE,29898,1988,1,29898,URBAN
NORTHCOTE,33902,1992,1,33902,URBAN
NORTHCOTE,34884,1996,1,34884,URBAN
NORTHCOTE,35965,1999,1,35965,URBAN
NORTHCOTE,37722,2002,1,37722,URBAN
WARRNAMBOOL,32448,1992,1,32448,RURAL
NORTHCOTE,38584,2006,1,38584,URBAN
WILLIAMSTOWN,32774,1992,1,32774,URBAN
NORTHCOTE,40423,2010,1,40423,URBAN
NORTHCOTE,44273,2014,1,44273,URBAN
ALBERT PARK,37480,1996,1,37480,URBAN
NORTHCOTE,48831,2018,1,48831,URBAN
BALLARAT EAST,31581,1996,1,31581,METRO
BALLARAT WEST,31914,1996,1,31914,METRO
NUMURKAH AND NATHALIA,2118,1894,1,2118,RURAL
NUMURKAH AND NATHALIA,2092,1897,1,2092,RURAL
BENALLA,32966,1996,1,32966,RURAL
BENAMBRA,33837,1996,1,33837,RURAL
BENDIGO EAST,32794,1996,1,32794,METRO
BENDIGO WEST,33907,1996,1,33907,METRO
NUMURKAH AND NATHALIA,2231,1900,1,2231,RURAL
NUMURKAH AND NATHALIA,2234,1902,1,2234,RURAL
NUNAWADING,19012,1927,1,19012,URBAN
NUNAWADING,21032,1929,1,21032,URBAN
BRIGHTON,33421,1996,1,33421,URBAN
NUNAWADING,22238,1932,1,22238,URBAN
NUNAWADING,22801,1935,1,22801,URBAN
NUNAWADING,24507,1937,1,24507,URBAN
NUNAWADING,26253,1940,1,26253,URBAN
NUNAWADING,30157,1943,1,30157,URBAN
OAKLEIGH,24730,1927,1,24730,URBAN
OAKLEIGH,27452,1929,1,27452,URBAN
OAKLEIGH,28255,1932,1,28255,URBAN
OAKLEIGH,29603,1935,1,29603,URBAN
DANDENONG,39727,1996,1,39727,RURAL
OAKLEIGH,32314,1937,1,32314,URBAN
OAKLEIGH,33877,1940,1,33877,URBAN
OAKLEIGH,39079,1943,1,39079,URBAN
OAKLEIGH,24422,1945,1,24422,URBAN
ESSENDON,33728,1996,1,33728,URBAN
EVELYN,34655,1996,1,34655,RURAL
OAKLEIGH,27079,1950,1,27079,URBAN
OAKLEIGH,28548,1952,1,28548,URBAN
OAKLEIGH,19761,1955,1,19761,URBAN
OAKLEIGH,22659,1958,1,22659,URBAN
GEELONG,34099,1996,1,34099,METRO
OAKLEIGH,23142,1961,1,23142,URBAN
GIPPSLAND EAST,32716,1996,1,32716,RURAL
GIPPSLAND SOUTH,32958,1996,1,32958,RURAL
GIPPSLAND WEST,31348,1996,1,31348,RURAL
OAKLEIGH,23331,1964,1,23331,URBAN
OAKLEIGH,24827,1967,1,24827,URBAN
HAWTHORN,35652,1996,1,35652,URBAN
OAKLEIGH,25162,1970,1,25162,URBAN
OAKLEIGH,26814,1973,1,26814,URBAN
OAKLEIGH,29343,1976,1,29343,URBAN
OAKLEIGH,28849,1979,1,28849,URBAN
OAKLEIGH,28152,1982,1,28152,URBAN
MELBOURNE,37574,1996,1,37574,URBAN
OAKLEIGH,29952,1985,1,29952,URBAN
OAKLEIGH,28745,1988,1,28745,URBAN
OAKLEIGH,32554,1992,1,32554,URBAN
OAKLEIGH,33229,1996,1,33229,URBAN
OAKLEIGH,34347,1999,1,34347,URBAN
OAKLEIGH,34995,2002,1,34995,URBAN
OAKLEIGH,34478,2006,1,34478,URBAN
MORNINGTON,33527,1996,1,33527,RURAL
OAKLEIGH,35602,2010,1,35602,URBAN
OAKLEIGH,39556,2014,1,39556,URBAN
OAKLEIGH,41595,2018,1,41595,URBAN
OFFICERS,6336,1904,1,6336,URBAN
OAKLEIGH,26246,1947,1,26246,URBAN
ORMOND,24208,1958,1,24208,URBAN
ORMOND,24799,1961,1,24799,URBAN
ORMOND,25534,1964,1,25534,URBAN
POLWARTH,32761,1996,1,32761,RURAL
OUYEN,10499,1927,1,10499,RURAL
PRAHRAN,37891,1996,1,37891,URBAN
OUYEN,11068,1929,1,11068,RURAL
RICHMOND,39405,1996,1,39405,URBAN
OUYEN,10679,1932,1,10679,RURAL
RODNEY,32425,1996,1,32425,RURAL
OUYEN,11063,1935,1,11063,RURAL
OUYEN,10511,1937,1,10511,RURAL
OUYEN,10077,1940,1,10077,RURAL
OUYEN,8888,1943,1,8888,RURAL
OVENS VALLEY,41110,2014,1,41110,RURAL
OVENS VALLEY,43200,2018,1,43200,RURAL
PAKENHAM,30408,1992,1,30408,URBAN
PAKENHAM,33036,1996,1,33036,URBAN
PAKENHAM,35194,1999,1,35194,URBAN
PASCOE VALE,22732,1955,1,22732,URBAN
PASCOE VALE,30091,1985,1,30091,URBAN
WARRNAMBOOL,33711,1996,1,33711,RURAL
PASCOE VALE,28663,1988,1,28663,URBAN
WILLIAMSTOWN,33966,1996,1,33966,URBAN
PASCOE VALE,30896,1992,1,30896,URBAN
PASCOE VALE,30828,1996,1,30828,URBAN
ALBERT PARK,39365,1999,1,39365,URBAN
PASCOE VALE,31045,1999,1,31045,URBAN
BALLARAT EAST,32526,1999,1,32526,METRO
BALLARAT WEST,32893,1999,1,32893,METRO
PASCOE VALE,37634,2002,1,37634,URBAN
PASCOE VALE,38591,2006,1,38591,URBAN
BENALLA,34087,1999,1,34087,RURAL
BENAMBRA,35378,1999,1,35378,RURAL
BENDIGO EAST,34094,1999,1,34094,METRO
BENDIGO WEST,34932,1999,1,34932,METRO
PASCOE VALE,40763,2010,1,40763,URBAN
PASCOE VALE,45879,2014,1,45879,URBAN
PASCOE VALE,51163,2018,1,51163,URBAN
PORT FAIRY AND GLENELG,10898,1927,1,10898,RURAL
BRIGHTON,34221,1999,1,34221,URBAN
PORT FAIRY AND GLENELG,11000,1929,1,11000,RURAL
PORT FAIRY AND GLENELG,11491,1932,1,11491,RURAL
PORT FAIRY AND GLENELG,11821,1935,1,11821,RURAL
PORT FAIRY AND GLENELG,11994,1937,1,11994,RURAL
PORT FAIRY AND GLENELG,12213,1940,1,12213,RURAL
PORT FAIRY AND GLENELG,11945,1943,1,11945,RURAL
PORTLAND,1899,1894,1,1899,RURAL
PORTLAND,1743,1897,1,1743,RURAL
PORTLAND,2081,1900,1,2081,RURAL
DANDENONG,46056,1999,1,46056,RURAL
PORTLAND,2151,1902,1,2151,RURAL
PORTLAND,14045,1945,1,14045,RURAL
PORTLAND,14564,1947,1,14564,RURAL
PORTLAND,15054,1950,1,15054,RURAL
ESSENDON,34636,1999,1,34636,URBAN
EVELYN,34655,1999,1,34655,RURAL
PORTLAND,15454,1952,1,15454,RURAL
PORTLAND,19089,1955,1,19089,RURAL
PORTLAND,22013,1958,1,22013,RURAL
PORTLAND,22756,1961,1,22756,RURAL
GEELONG,33830,1999,1,33830,METRO
PORTLAND,23338,1964,1,23338,RURAL
GIPPSLAND EAST,33075,1999,1,33075,RURAL
GIPPSLAND SOUTH,32761,1999,1,32761,RURAL
GIPPSLAND WEST,32796,1999,1,32796,RURAL
PORTLAND,18215,1967,1,18215,RURAL
PORTLAND,18641,1970,1,18641,RURAL
HAWTHORN,36943,1999,1,36943,URBAN
PORTLAND,19784,1973,1,19784,RURAL
PORTLAND,25440,1976,1,25440,RURAL
PORTLAND,25746,1979,1,25746,RURAL
PORTLAND,26521,1982,1,26521,RURAL
PORTLAND,28857,1985,1,28857,RURAL
MELBOURNE,41000,1999,1,41000,URBAN
PORTLAND,29347,1988,1,29347,RURAL
PORTLAND,30939,1992,1,30939,RURAL
PORTLAND,30201,1996,1,30201,RURAL
PORTLAND,29156,1999,1,29156,RURAL
PRESTON,23932,1945,1,23932,URBAN
PRESTON,26283,1947,1,26283,URBAN
PRESTON,27934,1950,1,27934,URBAN
MORNINGTON,36840,1999,1,36840,RURAL
PRESTON,30547,1952,1,30547,URBAN
PRESTON,23434,1955,1,23434,URBAN
PRESTON,25974,1958,1,25974,URBAN
PRESTON,26512,1961,1,26512,URBAN
PRESTON,25958,1964,1,25958,URBAN
PRESTON,26053,1967,1,26053,URBAN
PRESTON,24293,1970,1,24293,URBAN
PRESTON,25691,1973,1,25691,URBAN
POLWARTH,33217,1999,1,33217,RURAL
PRESTON,29026,1976,1,29026,URBAN
PRAHRAN,39089,1999,1,39089,URBAN
PRESTON,27267,1979,1,27267,URBAN
RICHMOND,41466,1999,1,41466,URBAN
PRESTON,26739,1982,1,26739,URBAN
RODNEY,32526,1999,1,32526,RURAL
PRESTON,32004,1985,1,32004,URBAN
PRESTON,30189,1988,1,30189,URBAN
PRESTON,33116,1992,1,33116,URBAN
PRESTON,33126,1996,1,33126,URBAN
PRESTON,33794,1999,1,33794,URBAN
PRESTON,38208,2002,1,38208,URBAN
PRESTON,37858,2006,1,37858,URBAN
PRESTON,38662,2010,1,38662,URBAN
PRESTON,42297,2014,1,42297,URBAN
PRESTON,45253,2018,1,45253,URBAN
PUBLIC OFFICERS,3928,1904,1,3928,URBAN
WARRNAMBOOL,34226,1999,1,34226,RURAL
RAINBOW,12622,1945,1,12622,RURAL
WILLIAMSTOWN,34501,1999,1,34501,URBAN
RAINBOW,12531,1947,1,12531,RURAL
RAINBOW,12354,1950,1,12354,RURAL
ALBERT PARK,38726,2002,1,38726,URBAN
RAINBOW,12365,1952,1,12365,RURAL
BALLARAT EAST,36480,2002,1,36480,METRO
BALLARAT WEST,39714,2002,1,39714,METRO
RESERVOIR,23582,1955,1,23582,URBAN
RESERVOIR,25172,1958,1,25172,URBAN
RESERVOIR,27588,1961,1,27588,URBAN
BENALLA,34690,2002,1,34690,RURAL
BENAMBRA,34122,2002,1,34122,RURAL
BENDIGO EAST,35520,2002,1,35520,METRO
BENDIGO WEST,38420,2002,1,38420,METRO
RESERVOIR,28648,1964,1,28648,URBAN
RESERVOIR,25668,1967,1,25668,URBAN
BRIGHTON,36505,2002,1,36505,URBAN
RESERVOIR,26854,1970,1,26854,URBAN
BRUNSWICK,37972,2002,1,37972,URBAN
RESERVOIR,31004,1973,1,31004,URBAN
RESERVOIR,29532,1976,1,29532,URBAN
RESERVOIR,30020,1979,1,30020,URBAN
RESERVOIR,29990,1982,1,29990,URBAN
RESERVOIR,30527,1985,1,30527,URBAN
RESERVOIR,30069,1988,1,30069,URBAN
RINGWOOD,28074,1958,1,28074,URBAN
DANDENONG,35517,2002,1,35517,RURAL
RINGWOOD,35337,1961,1,35337,URBAN
RINGWOOD,40985,1964,1,40985,URBAN
RINGWOOD,26666,1967,1,26666,URBAN
ESSENDON,37369,2002,1,37369,URBAN
EVELYN,36974,2002,1,36974,RURAL
RINGWOOD,31471,1970,1,31471,URBAN
RINGWOOD,40734,1973,1,40734,URBAN
RINGWOOD,28530,1976,1,28530,URBAN
RINGWOOD,30448,1979,1,30448,URBAN
GEELONG,38480,2002,1,38480,METRO
RINGWOOD,31926,1982,1,31926,URBAN
GIPPSLAND EAST,37475,2002,1,37475,RURAL
GIPPSLAND SOUTH,36510,2002,1,36510,RURAL
RINGWOOD,29873,1985,1,29873,URBAN
HAWTHORN,36951,2002,1,36951,URBAN
RINGWOOD,31199,1988,1,31199,URBAN
RINGWOOD,40419,2014,1,40419,URBAN
RINGWOOD,41299,2018,1,41299,URBAN
RIPON,13924,1945,1,13924,RURAL
RIPON,14371,1947,1,14371,RURAL
RIPON,14953,1950,1,14953,RURAL
LOWAN,38381,2002,1,38381,RURAL
RIPON,15393,1952,1,15393,RURAL
RIPON,25704,1976,1,25704,RURAL
RIPON,26703,1979,1,26703,RURAL
MELBOURNE,33859,2002,1,33859,URBAN
RIPON,27322,1982,1,27322,RURAL
RIPON,29911,1985,1,29911,RURAL
RIPON,30677,1988,1,30677,RURAL
RIPON,31622,1992,1,31622,RURAL
RIPON,31819,1996,1,31819,RURAL
RIPON,31732,1999,1,31732,RURAL
MORNINGTON,34532,2002,1,34532,RURAL
RIPON,36044,2002,1,36044,RURAL
RIPON,36473,2006,1,36473,RURAL
RIPON,37619,2010,1,37619,RURAL
RIPON,45147,2014,1,45147,RURAL
RIPON,47774,2018,1,47774,RURAL
RIPON AND HAMPDEN,2203,1894,1,2203,RURAL
RIPON AND HAMPDEN,2656,1897,1,2656,RURAL
RIPON AND HAMPDEN,2912,1900,1,2912,RURAL
RIPON AND HAMPDEN,3288,1902,1,3288,RURAL
RIPPONLEA,18027,1955,1,18027,URBAN
RIPPONLEA,20536,1958,1,20536,URBAN
RIPPONLEA,19498,1961,1,19498,URBAN
POLWARTH,39179,2002,1,39179,RURAL
PRAHRAN,36856,2002,1,36856,URBAN
RIPPONLEA,19723,1964,1,19723,URBAN
RICHMOND,37052,2002,1,37052,URBAN
ROWVILLE,38834,2014,1,38834,URBAN
RODNEY,35177,2002,1,35177,RURAL
ROWVILLE,39893,2018,1,39893,URBAN
SANDHURST,5150,1894,2,2575,RURAL
SANDHURST,5099,1897,2,2549.5,RURAL
SANDHURST,5979,1900,2,2989.5,RURAL
SANDHURST,6660,1902,2,3330,RURAL
SANDHURST SOUTH,1963,1894,1,1963,RURAL
SANDHURST SOUTH,2218,1897,1,2218,RURAL
SANDHURST SOUTH,2344,1900,1,2344,RURAL
SANDHURST SOUTH,2471,1902,1,2471,RURAL
SANDRINGHAM,30062,1955,1,30062,URBAN
WILLIAMSTOWN,37526,2002,1,37526,URBAN
SANDRINGHAM,25231,1958,1,25231,URBAN
SANDRINGHAM,26818,1961,1,26818,URBAN
ALBERT PARK,43926,2006,1,43926,URBAN
SANDRINGHAM,27833,1964,1,27833,URBAN
BALLARAT EAST,37648,2006,1,37648,METRO
BALLARAT WEST,41283,2006,1,41283,METRO
SANDRINGHAM,25372,1967,1,25372,URBAN
SANDRINGHAM,25657,1970,1,25657,URBAN
SANDRINGHAM,27997,1973,1,27997,URBAN
BENALLA,35788,2006,1,35788,RURAL
BENAMBRA,35224,2006,1,35224,RURAL
BENDIGO EAST,38000,2006,1,38000,METRO
BENDIGO WEST,39557,2006,1,39557,METRO
SANDRINGHAM,29145,1976,1,29145,URBAN
SANDRINGHAM,28051,1979,1,28051,URBAN
BRIGHTON,36932,2006,1,36932,URBAN
SANDRINGHAM,27472,1982,1,27472,URBAN
BRUNSWICK,39734,2006,1,39734,URBAN
SANDRINGHAM,30800,1985,1,30800,URBAN
SANDRINGHAM,29414,1988,1,29414,URBAN
SANDRINGHAM,33237,1992,1,33237,URBAN
SANDRINGHAM,33745,1996,1,33745,URBAN
SANDRINGHAM,34629,1999,1,34629,URBAN
SANDRINGHAM,36083,2002,1,36083,URBAN
SANDRINGHAM,36376,2006,1,36376,URBAN
DANDENONG,34489,2006,1,34489,RURAL
SANDRINGHAM,37827,2010,1,37827,URBAN
SANDRINGHAM,41456,2014,1,41456,URBAN
SANDRINGHAM,45020,2018,1,45020,URBAN
ESSENDON,37601,2006,1,37601,URBAN
EVELYN,37693,2006,1,37693,RURAL
SCORESBY,13821,1945,1,13821,URBAN
SCORESBY,15868,1947,1,15868,URBAN
SCORESBY,17679,1950,1,17679,URBAN
SCORESBY,21451,1952,1,21451,URBAN
GEELONG,39307,2006,1,39307,METRO
SCORESBY,34177,1955,1,34177,URBAN
GIPPSLAND EAST,39024,2006,1,39024,RURAL
GIPPSLAND SOUTH,37314,2006,1,37314,RURAL
SCORESBY,25807,1958,1,25807,URBAN
HAWTHORN,38017,2006,1,38017,URBAN
SCORESBY,30627,1961,1,30627,URBAN
SCORESBY,36199,1964,1,36199,URBAN
SCORESBY,29242,1967,1,29242,URBAN
SCORESBY,40486,1970,1,40486,URBAN
SCORESBY,60500,1973,1,60500,URBAN
SCORESBY,37667,2002,1,37667,URBAN
LOWAN,38181,2006,1,38181,RURAL
SCORESBY,38226,2006,1,38226,URBAN
SCORESBY,39121,2010,1,39121,URBAN
SEYMOUR,31683,1992,1,31683,RURAL
MELBOURNE,38853,2006,1,38853,URBAN
SEYMOUR,33341,1996,1,33341,RURAL
SEYMOUR,35717,1999,1,35717,RURAL
SEYMOUR,35561,2002,1,35561,RURAL
SEYMOUR,38112,2006,1,38112,RURAL
SEYMOUR,41103,2010,1,41103,RURAL
SHEPPARTON,14772,1945,1,14772,RURAL
MORNINGTON,36934,2006,1,36934,RURAL
SHEPPARTON,15444,1947,1,15444,RURAL
SHEPPARTON,16315,1950,1,16315,RURAL
SHEPPARTON,16957,1952,1,16957,RURAL
SHEPPARTON,18929,1967,1,18929,RURAL
SHEPPARTON,20041,1970,1,20041,RURAL
SHEPPARTON,22929,1973,1,22929,RURAL
SHEPPARTON,25251,1976,1,25251,RURAL
SHEPPARTON,26880,1979,1,26880,RURAL
SHEPPARTON,29093,1982,1,29093,RURAL
SHEPPARTON,29622,1985,1,29622,RURAL
SHEPPARTON,31065,1988,1,31065,RURAL
SHEPPARTON,31635,1992,1,31635,RURAL
POLWARTH,40403,2006,1,40403,RURAL
PRAHRAN,38332,2006,1,38332,URBAN
SHEPPARTON,33104,1996,1,33104,RURAL
RICHMOND,38941,2006,1,38941,URBAN
SHEPPARTON,33823,1999,1,33823,RURAL
RODNEY,35652,2006,1,35652,RURAL
SHEPPARTON,35754,2002,1,35754,RURAL
SHEPPARTON,36206,2006,1,36206,RURAL
SHEPPARTON,38136,2010,1,38136,RURAL
SHEPPARTON,46190,2014,1,46190,RURAL
SHEPPARTON,48765,2018,1,48765,RURAL
SHEPPARTON AND EUROA,2027,1894,1,2027,RURAL
SHEPPARTON AND EUROA,2162,1897,1,2162,RURAL
SHEPPARTON AND EUROA,2403,1900,1,2403,RURAL
SHEPPARTON AND EUROA,2449,1902,1,2449,RURAL
SOUTH BARWON,25907,1976,1,25907,RURAL
WILLIAMSTOWN,37437,2006,1,37437,URBAN
SOUTH BARWON,29031,1979,1,29031,RURAL
SOUTH BARWON,31805,1982,1,31805,RURAL
ALBERT PARK,47148,2010,1,47148,URBAN
SOUTH BARWON,28343,1985,1,28343,RURAL
BALLARAT EAST,40578,2010,1,40578,METRO
BALLARAT WEST,43964,2010,1,43964,METRO
SOUTH BARWON,31167,1988,1,31167,RURAL
SOUTH BARWON,30907,1992,1,30907,RURAL
SOUTH BARWON,33512,1996,1,33512,RURAL
BENALLA,36987,2010,1,36987,RURAL
BENAMBRA,37242,2010,1,37242,RURAL
BENDIGO EAST,40730,2010,1,40730,METRO
BENDIGO WEST,41682,2010,1,41682,METRO
SOUTH BARWON,36107,1999,1,36107,RURAL
SOUTH BARWON,39290,2002,1,39290,RURAL
BRIGHTON,38366,2010,1,38366,URBAN
SOUTH BARWON,43002,2006,1,43002,RURAL
BRUNSWICK,42321,2010,1,42321,URBAN
SOUTH BARWON,48309,2010,1,48309,RURAL
SOUTH BARWON,44738,2014,1,44738,RURAL
SOUTH BARWON,54245,2018,1,54245,RURAL
SOUTH WEST COAST,40115,2002,1,40115,RURAL
SOUTH WEST COAST,41338,2006,1,41338,RURAL
SOUTH WEST COAST,43344,2010,1,43344,RURAL
SOUTH WEST COAST,44766,2014,1,44766,RURAL
DANDENONG,35535,2010,1,35535,RURAL
SOUTH WEST COAST,47500,2018,1,47500,RURAL
SOUTH YARRA,2453,1894,1,2453,URBAN
SOUTH YARRA,2491,1897,1,2491,URBAN
ESSENDON,39853,2010,1,39853,URBAN
EVELYN,40186,2010,1,40186,RURAL
SOUTH YARRA,2959,1900,1,2959,URBAN
SOUTH YARRA,2989,1902,1,2989,URBAN
SPRINGVALE,28035,1976,1,28035,URBAN
SPRINGVALE,30402,1979,1,30402,URBAN
GEELONG,40062,2010,1,40062,METRO
SPRINGVALE,32277,1982,1,32277,URBAN
GIPPSLAND EAST,41418,2010,1,41418,RURAL
GIPPSLAND SOUTH,39215,2010,1,39215,RURAL
SPRINGVALE,29650,1985,1,29650,URBAN
HAWTHORN,38753,2010,1,38753,URBAN
SPRINGVALE,30558,1988,1,30558,URBAN
SPRINGVALE,33567,1992,1,33567,URBAN
SPRINGVALE,34119,1996,1,34119,URBAN
SPRINGVALE,35438,1999,1,35438,URBAN
ST ALBANS,31574,1985,1,31574,URBAN
ST ALBANS,32708,1988,1,32708,URBAN
LOWAN,38478,2010,1,38478,RURAL
ST ALBANS,46041,2014,1,46041,URBAN
ST ALBANS,46678,2018,1,46678,URBAN
STAWELL,2217,1894,1,2217,RURAL
MELBOURNE,43916,2010,1,43916,URBAN
STAWELL,2216,1897,1,2216,RURAL
STAWELL,2224,1900,1,2224,RURAL
STAWELL,2357,1902,1,2357,RURAL
SUNBURY,41877,2014,1,41877,URBAN
SUNBURY,45588,2018,1,45588,URBAN
SUNSHINE,24017,1945,1,24017,URBAN
MORNINGTON,40195,2010,1,40195,RURAL
SUNSHINE,25589,1947,1,25589,URBAN
SUNSHINE,27820,1950,1,27820,URBAN
SUNSHINE,31577,1952,1,31577,URBAN
SUNSHINE,25628,1967,1,25628,URBAN
SUNSHINE,25557,1970,1,25557,URBAN
SUNSHINE,27665,1973,1,27665,URBAN
SUNSHINE,29727,1976,1,29727,URBAN
SUNSHINE,29798,1979,1,29798,URBAN
SUNSHINE,30363,1982,1,30363,URBAN
SUNSHINE,30351,1985,1,30351,URBAN
SUNSHINE,29265,1988,1,29265,URBAN
SUNSHINE,35091,1992,1,35091,URBAN
POLWARTH,42079,2010,1,42079,RURAL
PRAHRAN,39257,2010,1,39257,URBAN
SUNSHINE,36834,1996,1,36834,URBAN
RICHMOND,42025,2010,1,42025,URBAN
SUNSHINE,38506,1999,1,38506,URBAN
RODNEY,36437,2010,1,36437,RURAL
SYDENHAM,45303,2014,1,45303,URBAN
SYDENHAM,50841,2018,1,50841,URBAN
SYNDAL,28708,1967,1,28708,URBAN
SYNDAL,35111,1970,1,35111,URBAN
SYNDAL,41413,1973,1,41413,URBAN
SYNDAL,29192,1976,1,29192,URBAN
SYNDAL,29789,1979,1,29789,URBAN
SYNDAL,29734,1982,1,29734,URBAN
SYNDAL,29182,1985,1,29182,URBAN
SYNDAL,28610,1988,1,28610,URBAN
WILLIAMSTOWN,38966,2010,1,38966,URBAN
TALBOT AND AVOCA,1862,1894,1,1862,RURAL
TALBOT AND AVOCA,1882,1897,1,1882,RURAL
ALBERT PARK,43134,2014,1,43134,URBAN
TALBOT AND AVOCA,2403,1900,1,2403,RURAL
TALBOT AND AVOCA,1935,1902,1,1935,RURAL
TARNEIT,37135,2002,1,37135,URBAN
TARNEIT,41235,2006,1,41235,URBAN
BENAMBRA,44259,2014,1,44259,RURAL
BENDIGO EAST,43982,2014,1,43982,METRO
BENDIGO WEST,42505,2014,1,42505,METRO
TARNEIT,47784,2010,1,47784,URBAN
TARNEIT,43971,2014,1,43971,URBAN
BRIGHTON,42924,2014,1,42924,URBAN
TARNEIT,53882,2018,1,53882,URBAN
BRUNSWICK,46954,2014,1,46954,URBAN
THOMASTOWN,29739,1985,1,29739,URBAN
THOMASTOWN,34598,1988,1,34598,URBAN
THOMASTOWN,33112,1992,1,33112,URBAN
THOMASTOWN,34330,1996,1,34330,URBAN
THOMASTOWN,35416,1999,1,35416,URBAN
THOMASTOWN,38102,2002,1,38102,URBAN
THOMASTOWN,36458,2006,1,36458,URBAN
THOMASTOWN,36853,2010,1,36853,URBAN
THOMASTOWN,39826,2014,1,39826,URBAN
DANDENONG,41199,2014,1,41199,RURAL
THOMASTOWN,44619,2018,1,44619,URBAN
TULLAMARINE,32178,1992,1,32178,URBAN
ESSENDON,44129,2014,1,44129,URBAN
TULLAMARINE,36359,1996,1,36359,URBAN
EVELYN,40174,2014,1,40174,RURAL
TULLAMARINE,39652,1999,1,39652,URBAN
UPPER YARRA,11556,1927,1,11556,RURAL
UPPER YARRA,12281,1929,1,12281,RURAL
UPPER YARRA,13585,1932,1,13585,RURAL
GEELONG,45026,2014,1,45026,METRO
UPPER YARRA,14294,1935,1,14294,RURAL
GIPPSLAND EAST,43113,2014,1,43113,RURAL
GIPPSLAND SOUTH,40241,2014,1,40241,RURAL
UPPER YARRA,15239,1937,1,15239,RURAL
HAWTHORN,42149,2014,1,42149,URBAN
UPPER YARRA,15859,1940,1,15859,RURAL
UPPER YARRA,18690,1943,1,18690,RURAL
VILLIERS AND HEYTESBURY,2229,1894,1,2229,RURAL
VILLIERS AND HEYTESBURY,2384,1897,1,2384,RURAL
VILLIERS AND HEYTESBURY,2719,1900,1,2719,RURAL
LOWAN,42797,2014,1,42797,RURAL
VILLIERS AND HEYTESBURY,2708,1902,1,2708,RURAL
WANGARATTA AND OVENS,9306,1927,1,9306,RURAL
MELBOURNE,43801,2014,1,43801,URBAN
WANGARATTA AND OVENS,9513,1929,1,9513,RURAL
WANGARATTA AND OVENS,10338,1932,1,10338,RURAL
WANGARATTA AND OVENS,11206,1935,1,11206,RURAL
WANGARATTA AND OVENS,11208,1937,1,11208,RURAL
WANGARATTA AND OVENS,11415,1940,1,11415,RURAL
MORNINGTON,43622,2014,1,43622,RURAL
WANGARATTA AND OVENS,11327,1943,1,11327,RURAL
WANGARATTA AND RUTHERGLEN,2407,1894,1,2407,RURAL
WANGARATTA AND RUTHERGLEN,3559,1897,1,3559,RURAL
WANGARATTA AND RUTHERGLEN,3585,1900,1,3585,RURAL
WANGARATTA AND RUTHERGLEN,3982,1902,1,3982,RURAL
WANTIRNA,29838,1976,1,29838,URBAN
WANTIRNA,36973,1979,1,36973,URBAN
WANTIRNA,43618,1982,1,43618,URBAN
WANTIRNA,28508,1985,1,28508,URBAN
WANTIRNA,31044,1988,1,31044,URBAN
WANTIRNA,32121,1992,1,32121,URBAN
WANTIRNA,35087,1996,1,35087,URBAN
WANTIRNA,37964,1999,1,37964,URBAN
POLWARTH,43277,2014,1,43277,RURAL
PRAHRAN,44075,2014,1,44075,URBAN
WARRANDYTE,29363,1976,1,29363,URBAN
RICHMOND,46690,2014,1,46690,URBAN
WARRANDYTE,32056,1979,1,32056,URBAN
WARRANDYTE,35894,1982,1,35894,URBAN
WARRANDYTE,28506,1985,1,28506,URBAN
WARRANDYTE,33082,1988,1,33082,URBAN
WARRANDYTE,30559,1992,1,30559,URBAN
WARRANDYTE,32457,1996,1,32457,URBAN
WARRANDYTE,34386,1999,1,34386,URBAN
WARRANDYTE,39069,2002,1,39069,URBAN
WARRANDYTE,39590,2006,1,39590,URBAN
WARRANDYTE,41472,2010,1,41472,URBAN
WARRANDYTE,43008,2014,1,43008,URBAN
WARRANDYTE,43282,2018,1,43282,URBAN
WARREN NORTH,35036,2002,1,35036,URBAN
WARREN NORTH,37223,2006,1,37223,URBAN
WARREN NORTH,40203,2010,1,40203,URBAN
WILLIAMSTOWN,47162,2014,1,47162,URBAN
WARREN NORTH,43281,2014,1,43281,URBAN
WARREN NORTH,44724,2018,1,44724,URBAN
ALBERT PARK,48949,2018,1,48949,URBAN
WARREN SOUTH,37578,2002,1,37578,URBAN
WARREN SOUTH,45871,2006,1,45871,URBAN
WARREN SOUTH,52340,2010,1,52340,URBAN
WARREN SOUTH,45818,2014,1,45818,URBAN
BENAMBRA,48795,2018,1,48795,RURAL
BENDIGO EAST,48899,2018,1,48899,METRO
BENDIGO WEST,45324,2018,1,45324,METRO
WARREN SOUTH,49506,2018,1,49506,URBAN
WARRENHEIP AND GRENVILLE,9743,1927,1,9743,RURAL
BRIGHTON,45224,2018,1,45224,URBAN
WARRENHEIP AND GRENVILLE,9733,1929,1,9733,RURAL
BRUNSWICK,53340,2018,1,53340,URBAN
WARRENHEIP AND GRENVILLE,10354,1932,1,10354,RURAL
WARRENHEIP AND GRENVILLE,10736,1935,1,10736,RURAL
WARRENHEIP AND GRENVILLE,10637,1937,1,10637,RURAL
WARRENHEIP AND GRENVILLE,10398,1940,1,10398,RURAL
WARRENHEIP AND GRENVILLE,10121,1943,1,10121,RURAL
WENDOUREE,40549,2014,1,40549,URBAN
WENDOUREE,43575,2018,1,43575,URBAN
WERRIBEE,28482,1976,1,28482,URBAN
WERRIBEE,34550,1979,1,34550,URBAN
DANDENONG,42361,2018,1,42361,RURAL
WERRIBEE,42004,1982,1,42004,URBAN
WERRIBEE,29424,1985,1,29424,URBAN
ESSENDON,48427,2018,1,48427,URBAN
WERRIBEE,36954,1988,1,36954,URBAN
EVELYN,43159,2018,1,43159,RURAL
WERRIBEE,32645,1992,1,32645,URBAN
WERRIBEE,38146,1996,1,38146,URBAN
WERRIBEE,41644,1999,1,41644,URBAN
WERRIBEE,41377,2014,1,41377,URBAN
GEELONG,47575,2018,1,47575,METRO
WERRIBEE,46282,2018,1,46282,URBAN
GIPPSLAND EAST,46335,2018,1,46335,RURAL
GIPPSLAND SOUTH,42564,2018,1,42564,RURAL
WEST RICHMOND,2177,1894,1,2177,URBAN
HAWTHORN,44828,2018,1,44828,URBAN
WEST RICHMOND,2452,1897,1,2452,URBAN
WEST RICHMOND,2482,1900,1,2482,URBAN
WEST RICHMOND,2603,1902,1,2603,URBAN
WESTERNPORT,26603,1976,1,26603,URBAN
WESTERNPORT,31323,1979,1,31323,URBAN
LOWAN,43436,2018,1,43436,RURAL
WESTERNPORT,34426,1982,1,34426,URBAN
WHITTLESEA,30198,1985,1,30198,URBAN
MELBOURNE,50393,2018,1,50393,URBAN
WHITTLESEA,36874,1988,1,36874,RURAL
WIMMERA,33507,1992,1,33507,RURAL
WIMMERA,33166,1996,1,33166,RURAL
WIMMERA,32652,1999,1,32652,RURAL
WINDERMERE,1580,1894,1,1580,RURAL
MORNINGTON,47184,2018,1,47184,RURAL
WINDERMERE,1500,1897,1,1500,RURAL
WINDERMERE,1746,1900,1,1746,RURAL
WINDERMERE,1696,1902,1,1696,RURAL
WONTHAGGI,9662,1927,1,9662,RURAL
WONTHAGGI,9902,1929,1,9902,RURAL
WONTHAGGI,10605,1932,1,10605,RURAL
WONTHAGGI,10450,1935,1,10450,RURAL
WONTHAGGI,10031,1937,1,10031,RURAL
WONTHAGGI,9899,1940,1,9899,RURAL
WONTHAGGI,9734,1943,1,9734,RURAL
WONTHAGGI,14849,1945,1,14849,RURAL
WONTHAGGI,15393,1947,1,15393,RURAL
WONTHAGGI,15452,1950,1,15452,RURAL
POLWARTH,45895,2018,1,45895,RURAL
PRAHRAN,50373,2018,1,50373,URBAN
WONTHAGGI,15495,1952,1,15495,RURAL
RICHMOND,54680,2018,1,54680,URBAN
YAN YEAN,30931,1992,1,30931,URBAN
YAN YEAN,34679,1996,1,34679,URBAN
YAN YEAN,38305,1999,1,38305,URBAN
YAN YEAN,34895,2002,1,34895,URBAN
YAN YEAN,41083,2006,1,41083,URBAN
YAN YEAN,54134,2010,1,54134,URBAN
YAN YEAN,44963,2014,1,44963,URBAN
YAN YEAN,58159,2018,1,58159,URBAN
YARRAVILLE,21885,1958,1,21885,URBAN
YARRAVILLE,21859,1961,1,21859,URBAN
YARRAVILLE,20186,1964,1,20186,URBAN
YARRAWONGA,2969,1900,1,2969,RURAL
YUROKE,35943,2002,1,35943,URBAN
YUROKE,41502,2006,1,41502,URBAN
YUROKE,48425,2010,1,48425,URBAN
WILLIAMSTOWN,50919,2018,1,50919,URBAN
YUROKE,43811,2014,1,43811,URBAN
YUROKE,58068,2018,1,58068,URBAN
SWAN HILL,8837,1927,1,8837,RURAL
